類別,ISO,光圈,快門,焦距,相機型號,上傳時間,累計人氣
1,50,2.4,0.042,3,1,13.88202186,3876
1,80,2.4,0.042,3,1,13.88202189,1650
1,75,2.8,0.042,3,1,12.55760815,1184
1,640,2.4,0.067,4,1,13.52986414,1178
1,71,2.8,0.042,3,1,12.55760838,957
1,73,2.8,0.059,3,1,12.55760834,913
1,72,2.8,0.059,3,1,12.55760825,825
1,74,2.8,0.05,3,1,12.5576083,805
1,72,2.8,0.033,3,1,12.55760819,778
1,1000,3.5,0.02,18,2,13.02962592,708
1,79,2.8,0.05,3,1,12.65794278,594
1,86,2.8,0.067,3,1,12.65794276,568
1,220,2.8,0.067,3,1,12.65794273,405
1,80,2.8,0.033,3,1,12.65794275,388
1,1016,2.8,0.1,3,1,12.79276768,385
1,640,2.8,0,28,2,12.55523557,358
1,246,2.8,0.067,3,1,12.65794272,339
1,1016,2.8,0.1,3,1,12.80383214,339
1,1016,2.8,0.1,3,1,12.79277049,324
1,211,2.8,0.067,3,1,12.65794271,290
1,433,2.8,0.067,3,1,12.71354396,286
1,400,2.4,0.067,4,1,13.5298641,283
1,464,2.8,0.067,3,1,12.7135437,271
1,583,2.8,0.077,3,1,12.83061496,256
1,200,2.8,0.017,24,2,12.21194243,240
1,168,2.8,0.067,3,1,12.6579427,236
1,320,3.5,0.05,6,0,12.1914579,231
1,604,2.8,0.067,3,1,12.71354342,217
1,225,2.8,0.067,3,1,12.65794268,215
1,500,2.4,0.067,4,1,13.79432914,214
1,233,2.8,0.067,3,1,12.65794267,206
1,78,2.8,0.059,3,1,12.8379315,185
1,440,2.8,0.067,3,1,12.71354253,176
1,105,2.8,0.067,3,1,12.83792932,149
1,400,3.3,0.067,4,0,13.30783123,143
1,72,2.8,0.059,3,1,12.83792813,139
1,70,2.8,0,3,1,12.67112508,124
1,70,2.8,0.001,3,1,12.76061744,119
1,250,2.638671875,0.119,3,1,13.03551779,118
1,70,2.8,0.001,3,1,12.67112511,114
1,583,2.8,0.091,3,1,12.83793027,112
1,64,2.4,0,4,1,13.38952722,110
1,640,2.4,0.067,4,1,13.79432801,107
1,70,2.8,0.001,3,1,12.67112514,101
1,70,2.8,0.001,3,1,12.67112505,100
1,1000,2.8,0.067,3,1,13.31723513,98
1,64,2.4,0.006,4,1,13.39519621,96
1,400,2.4,0.05,4,1,13.52986405,95
1,800,2.8,0.059,3,1,13.28837749,96
1,400,2.4,0.05,4,1,13.52986401,91
1,200,2.4,0.05,4,1,13.31804729,91
1,320,2.4,0.05,4,1,13.31804731,90
1,64,2.4,0.008,4,1,13.39519594,90
1,400,2.4,0.05,4,1,13.52986397,89
1,874,2.8,0.1,3,1,12.8379337,89
1,659,2.8,0.1,3,1,12.67113212,89
1,125,2.8,0.067,3,1,13.2883782,90
1,800,2.4,0.033,3,1,13.39501619,87
1,400,9,0.017,24,0,12.99259662,86
1,500,2.4,0.067,4,1,13.79432964,86
1,400,5.6,0.167,4,0,13.30783116,86
1,800,2.4,0.067,4,1,13.31804728,78
1,1600,2,0.05,3,1,13.86431158,77
1,500,2.4,0.062,4,1,13.39519665,75
1,250,2.4,0.062,4,1,13.3951964,75
1,250,2.4,0.033,3,1,13.25754206,75
1,800,3.3,0.071,5,0,12.84032235,71
1,64,2.8,0.017,3,1,12.91571318,69
1,640,2.4,0.067,4,1,13.7943298,69
1,500,2.4,0.067,4,1,13.79432938,68
1,400,2.4,0.067,4,1,13.79433411,67
1,500,2.4,0.033,3,1,13.39501622,67
1,640,2.4,0.067,4,1,13.79432847,66
1,64,2.4,0.005,4,1,13.39519617,63
1,400,2.4,0.062,4,1,13.39519661,63
1,3200,2.4,0.067,3,1,13.20674315,61
1,160,2.4,0.05,4,1,13.77103894,61
1,80,2.8,0.025,3,1,12.65118707,60
1,100,2.8,0.006,5,0,12.23910872,59
1,640,2.4,0.067,4,1,13.79433008,56
1,80,2.8,0.01,6,2,13.22041224,56
1,800,2.4,0.067,4,1,13.79433198,56
1,70,2.8,0.001,3,1,12.67112516,56
1,200,2.4,0.062,4,1,13.39519646,55
1,800,2.4,0.067,4,1,13.40610114,51
1,200,2.4,0.062,4,1,13.39519643,51
1,1600,2.4,0.067,3,1,13.0633275,50
1,80,2.4,0.025,4,1,13.3895237,50
1,400,4,0.017,17,2,12.3540977,49
1,1600,2.4,0.059,3,1,13.06692281,49
1,100,4,0.004,17,2,12.35409794,49
1,800,2.4,0.067,4,1,13.38952344,48
1,178,2.8,0.067,3,1,12.67112474,47
1,70,2.8,0.001,3,1,12.67112477,46
1,200,2.8,0.067,3,1,13.1356032,46
1,95,2.8,0.008,3,1,12.67112503,46
1,70,2.8,0,3,1,12.67112495,46
1,320,2.4,0.033,3,1,13.05516481,45
1,100,2.4,0.05,4,1,13.38952184,44
1,640,2.4,0.067,4,1,13.79432806,44
1,70,2.8,0,3,1,12.67112488,44
1,615,2.8,0.067,3,1,12.67112492,43
1,80,2.4,0.008,4,1,13.38952277,43
1,80,2.4,0.025,4,1,13.38952319,43
1,640,2.4,0.067,4,1,13.79432811,43
1,800,2.4,0.033,3,1,13.39501641,42
1,64,2.4,0.042,4,1,13.31047848,42
1,800,2.4,0.067,4,1,13.79432852,42
1,572,2.8,0.077,3,1,12.67112482,42
1,1000,2.8,0.067,3,1,13.0431369,41
1,200,2.4,0.05,4,1,13.69719601,41
1,64,2.4,0.042,4,1,13.31047899,41
1,320,2.8,0.067,3,1,13.04218703,40
1,500,2.4,0.067,4,1,13.40607416,40
1,400,4,0.017,26,2,12.35409735,40
1,64,2.4,0.042,4,1,13.31047949,40
1,70,2.8,0.006,3,1,12.67112466,39
1,400,2.4,0.05,4,1,13.69719602,39
1,100,4,0.005,44,2,12.35409878,39
1,250,2.4,0.001,1,1,13.39519628,38
1,1400,3,0.01,10,2,13.13072149,38
1,800,2.4,0.067,4,1,13.39519635,37
1,64,2.4,0.042,4,1,13.310478,37
1,64,2.4,0.033,4,1,13.31047704,35
1,70,2.8,0.002,3,1,12.67112498,35
1,400,4,0.017,17,2,12.35409752,35
1,70,2.8,0.005,3,1,12.73514817,35
1,80,2.4,0.033,4,1,13.3104775,35
1,100,2.4,0.05,4,1,13.38952216,34
1,1600,2.4,0.042,3,1,13.56104449,33
1,70,2.8,0,3,1,12.67112485,32
1,640,2,0.033,3,1,13.86431157,32
1,400,2.8,0.067,3,1,12.86537788,32
1,100,2.4,0.05,4,1,13.38952261,32
1,320,2.4,0,1,1,13.3895272,32
1,200,2,0.033,3,1,13.86431157,31
1,640,2.4,0.067,4,1,13.40609924,31
1,800,2.4,0.067,4,1,13.40610047,31
1,800,2.4,0.067,4,1,13.40608883,30
1,250,2.4,0.05,4,1,13.39519671,30
1,64,2.4,0,4,1,13.38952647,30
1,100,4,0.033,17,2,12.3540983,30
1,64,2.4,0,4,1,13.39519609,29
1,400,2.8,0.003,5,2,13.01850941,29
1,400,3.3,0.167,4,0,13.30783124,29
1,320,2.4,0.05,4,1,13.39519657,29
1,97,2.8,0.067,3,1,12.65119048,28
1,200,3.5,0.017,16,2,13.13072154,28
1,200,2.4,0.05,4,1,13.42701479,28
1,400,2.4,0.059,4,1,13.40606984,28
1,1000,2.4,0.067,3,1,13.25754198,28
1,640,2.4,0.042,3,1,13.25754176,28
1,100,2.8,0.017,53,2,12.35409892,28
1,800,2.4,0.067,4,1,13.39523375,28
1,100,2.8,0.008,50,2,12.35409908,27
1,100,2.4,0.008,4,1,13.40609792,27
1,200,2.8,0.067,3,1,13.10314449,27
1,800,2.4,0.067,4,1,13.79432897,27
1,64,2.4,0,4,1,13.395196,27
1,64,2.4,0.05,4,1,13.42368503,27
1,200,2.8,0.067,3,1,13.55277845,26
1,380,2.8,0.067,3,1,12.6771272,26
1,276,2.8,0.05,3,0,12.61460929,26
1,160,2.4,0.033,3,1,13.17380729,26
1,257,2.8,0.05,3,0,12.61460933,26
1,80,2.4,0.05,4,1,13.42368352,26
1,400,2.8,0.067,3,1,12.98992769,26
1,400,2.4,0.05,4,1,13.40607259,26
1,320,4,0.7,27,2,13.39943034,25
1,125,2.4,0.008,3,1,12.90887326,25
1,64,2.4,0.001,4,1,13.38995727,25
1,640,2.4,0.067,2,1,13.65783679,25
1,500,2.8,0.092,3,1,12.99504974,25
1,64,2.4,0.05,4,1,13.42368256,25
1,400,2.8,0.025,28,2,12.35409942,25
1,250,2.8,0.067,3,1,13.07326192,24
1,125,2.4,0.008,3,1,12.90887303,24
1,640,2.4,0.067,4,1,13.40609984,24
1,64,2.4,0,4,1,13.39519604,23
1,100,4,0.017,17,2,12.35409815,23
1,80,2.4,0.033,4,1,13.42368301,23
1,64,2.4,0.042,4,1,13.42368556,23
1,76,2.8,0.059,3,1,12.76511283,23
1,100,2.4,0.05,4,1,13.42368397,22
1,64,2.8,0.002,3,1,12.98992584,22
1,100,4,0.008,17,2,12.35409849,22
1,64,2.8,0.001,3,1,13.22464263,22
1,320,2.8,0.067,3,1,13.00810764,21
1,2500,2.4,0.067,3,1,13.12338481,21
1,250,2.8,0.067,3,1,12.86537774,21
1,160,2.4,0.05,4,1,13.40607103,21
1,64,2.4,0.001,4,1,13.39519626,20
1,400,5.6,0.312,4,0,13.30783118,20
1,125,2.4,0.017,3,1,13.07631525,20
1,400,2.8,0.017,65,2,12.35410035,20
1,100,2.8,0.006,5,0,12.23910886,20
1,200,2.4,0.05,4,1,13.40607045,20
1,361,2.8,0.049,5,0,12.30660077,20
1,400,2.4,0.067,4,1,13.4060733,20
1,109,2.8,0.008,3,1,12.68231472,20
1,125,2.8,0.067,3,1,13.00810764,20
1,80,2.4,0.033,4,1,13.423681,20
1,559,2.8,0.083,3,1,12.68666279,20
1,64,2.4,0.006,4,1,13.4270176,20
1,80,2.4,0.002,4,1,13.42701681,20
1,64,2.8,0.001,3,1,13.09711,19
1,64,2.8,0.008,3,1,13.09710985,19
1,100,2.8,0.025,3,1,13.17752301,19
1,70,2.8,0.003,3,1,12.69002868,19
1,320,2.4,0.033,1,1,13.40609854,19
1,64,2.4,0.001,4,1,13.39519624,19
1,125,2.8,0.067,3,1,13.00810765,19
1,64,2.4,0.033,4,1,13.42368199,18
1,1016,2.8,0.1,3,1,12.69092611,18
1,80,4.5,0.003,6,2,12.82830053,18
1,200,2.4,0.017,3,1,13.1316768,18
1,80,2.4,0.05,4,1,13.40608116,18
1,400,2.8,0.017,33,2,12.3541,18
1,250,2.8,0.067,3,1,12.98992831,18
1,200,2.4,0.062,4,1,13.42955951,17
1,1250,2.4,0.05,3,1,13.17955398,17
1,500,2.4,0.067,4,1,13.40606792,17
1,64,2.4,0.05,4,1,13.42368603,17
1,125,2.4,0.05,4,1,13.5834983,17
1,64,2.4,0.001,4,1,13.39519631,17
1,400,2.4,0.05,4,1,13.40607178,17
1,91,2.8,0.017,3,0,12.41360594,17
1,100,3.3,0.167,4,0,13.17570667,17
1,125,2.4,0.05,4,1,13.4060857,17
1,400,2.8,0.004,28,2,12.3540972,17
1,80,2.4,0.017,4,1,13.4060985,17
1,160,2.4,0.017,3,1,13.2581998,17
1,125,2.638671875,0.076,3,1,13.08897886,17
1,64,2.8,0.05,3,1,12.66593817,17
1,500,2.8,0.067,3,1,13.63458752,16
1,255,2.8,0.132,5,0,12.30660876,16
1,250,2.4,0.033,1,1,13.4060823,16
1,160,2.8,0.067,3,1,13.10314465,16
1,124,2.8,0.008,3,1,12.68231473,16
1,91,2.8,0.017,3,0,12.41360615,16
1,89,2.8,0.008,3,1,12.6944116,16
1,160,2.4,0.067,3,1,13.19283399,16
1,400,2.8,0.006,45,2,12.35409972,16
1,125,2.4,0.05,4,1,13.42368765,16
1,1000,2.4,0.033,3,1,12.99178859,16
1,100,2.8,0.003,47,2,12.35409924,15
1,800,2.4,0.067,4,1,13.6578368,15
1,400,2.8,0.01,28,2,12.35409986,15
1,107,2.8,0.008,3,1,12.6944116,15
1,89,2.8,0.067,3,1,12.80689791,15
1,578,2.8,0.077,3,1,12.68666279,15
1,80,4,0.003,6,2,12.82830096,15
1,70,2.8,0.005,3,1,12.69002869,15
1,64,2.4,0.033,4,1,13.4236845,15
1,800,2.4,0.067,4,1,13.39523369,15
1,64,2.4,0.007,4,1,13.42955945,15
1,500,2.8,0.067,3,1,12.99505046,14
1,1016,2.8,0.1,3,1,12.69092611,14
1,1000,2.8,0.067,3,1,13.2257701,14
1,84,2.8,0.017,3,0,12.74116526,14
1,400,2.4,0.05,4,1,13.40606932,14
1,250,2.4,0.005,1,1,13.4295592,14
1,80,2.4,0.003,4,1,13.4270169,14
1,64,2.4,0.017,4,1,13.42368816,14
1,239,2.8,0.05,3,0,12.62933656,14
1,127,2.8,0.008,5,0,12.30660121,14
1,158,2.8,0.016,5,0,12.30660119,14
1,1016,2.8,0.1,3,1,12.59209617,14
1,125,2.4,0.05,4,1,13.42368723,13
1,100,2.4,0.008,4,1,13.40607472,13
1,320,2.4,0.05,4,1,13.4060937,13
1,64,2.4,0.007,4,1,13.40608278,13
1,100,2.4,0.05,4,1,13.40607559,13
1,80,2.8,0.033,3,1,12.99505008,13
1,64,2.4,0.042,4,1,13.42368649,13
1,800,2.4,0.033,3,1,13.10183077,13
1,91,2.8,0.008,3,0,12.41360638,13
1,500,2.8,0.067,3,1,13.03355386,13
1,1000,2,0.033,3,1,13.86431156,13
1,361,2.8,0.049,5,0,12.30660268,13
1,70,2.8,0.007,3,1,12.69002869,13
1,400,2.8,0.017,75,2,12.35410018,13
1,400,2.8,0.008,48,2,12.35409957,13
1,80,2.638671875,0.031,3,1,13.11994209,13
1,70,2.8,0.008,3,1,12.6944116,13
1,100,3.2,0.1,4,1,12.86722126,13
1,255,2.8,0.049,5,0,12.30660124,13
1,123,2.8,0.083,5,0,12.87924027,13
1,64,2.8,0.001,3,1,13.09710976,12
1,400,2.5,0.077,14,0,13.45895237,12
1,100,2.8,0.067,3,1,12.99505026,12
1,125,2.8,0.067,3,1,12.99505064,12
1,125,2.4,0.05,4,1,13.42955967,12
1,160,2.4,0.017,3,1,13.28678509,12
1,80,2.4,0.042,4,1,13.42701507,12
1,320,2.4,0.05,4,1,13.42701501,12
1,2000,2.4,0.067,3,1,13.20760589,12
1,91,2.8,0.008,3,0,12.41360633,12
1,400,2.4,0.008,1,1,13.40608354,12
1,293,2.8,0.132,5,0,12.30660859,12
1,64,2.4,0.001,4,1,13.40608307,11
1,3200,2.4,0.067,1,1,13.4060834,11
1,1016,2.8,0.1,3,1,12.84701124,11
1,64,2.8,0.05,3,1,13.22973248,11
1,581,2.8,0.091,3,1,12.56745716,11
1,180,2.8,0.033,5,0,12.31087287,11
1,1250,2,0.033,3,1,13.86431157,11
1,604,2.8,0.059,3,1,12.84701163,11
1,3200,2.4,0.067,3,1,13.37860307,11
1,218,2.8,0.067,3,1,12.99225081,11
1,800,2.4,0.067,4,1,13.40608231,11
1,64,2.4,0.007,4,1,13.42701738,11
1,125,3.5,0.033,18,0,13.09927771,11
1,1600,2.4,0.067,1,1,13.40608502,10
1,125,2.4,0.006,3,1,13.61009993,10
1,1016,2.8,0.1,3,1,12.84701131,10
1,1000,2.8,0.067,3,1,13.23879133,10
1,800,2.8,0.059,3,1,13.79518016,10
1,640,2.4,0.067,4,1,13.29139678,10
1,800,2.4,0.067,4,1,13.40609175,10
1,200,2.4,0.05,4,1,13.42701489,10
1,1016,2.8,0.1,3,1,12.59209691,10
1,640,2.5,0.017,14,0,13.46586932,10
1,200,1.7,0.001,20,0,12.9947647,10
1,85,2.8,0.025,3,1,12.59209707,10
1,500,2.4,0.067,4,1,13.40608945,10
1,274,2.8,0.049,5,0,12.6987481,10
1,222,2.8,0.033,5,0,12.69873658,10
1,200,2.4,0.05,4,1,13.40608758,10
1,64,2.4,0.005,4,1,13.42701749,10
1,125,2.8,0.008,3,1,13.03355364,10
1,500,2.4,0.033,3,1,13.3466953,10
1,73,2.8,0.05,3,1,12.59209715,10
1,320,2.4,0.05,4,1,13.40608011,10
1,320,2.4,0.008,1,1,13.4295592,10
1,177,2.8,0.067,3,1,12.63131213,10
1,500,4,0.033,20,0,13.0142069,10
1,64,2.4,0,4,1,13.38990525,10
1,800,2.4,0.067,4,1,13.40608454,10
1,250,2.8,0.067,3,1,12.99504953,10
1,64,2.4,0.05,4,1,13.40607599,10
1,400,2.4,0.008,1,1,13.40608335,10
1,160,2.4,0.05,4,1,13.40607902,9
1,125,2.4,0.007,3,1,13.6100999,9
1,800,2.4,0.067,4,1,13.40608818,9
1,100,2.4,0.05,4,1,13.40607952,9
1,100,2.8,0.002,5,0,12.23910898,9
1,410,2.8,0.067,3,1,12.99225137,9
1,64,2.4,0.001,4,1,13.42955959,9
1,74,2.8,0.008,3,0,12.4136062,9
1,200,2.4,0.05,4,1,13.43830448,9
1,383,2.8,0.067,3,1,12.99225148,9
1,557,2.8,0.067,3,1,12.59209607,9
1,64,2.4,0.002,4,1,13.42701672,9
1,100,2.8,0.008,3,1,12.9950499,9
1,74,2.8,0.017,3,0,12.41360599,9
1,250,2,0.05,3,1,13.81061707,9
1,479,2.8,0.067,3,0,12.62933798,9
1,125,2.4,0.05,4,1,13.58349651,9
1,125,2.4,0.006,3,1,13.61009989,9
1,640,2.8,0.067,3,1,13.24260102,9
1,800,2.4,0.067,4,1,13.29139678,9
1,1600,2.4,0.067,1,1,13.40608517,9
1,3200,2.4,0.067,1,1,13.4060851,9
1,160,2.4,0.05,4,1,13.29139679,9
1,400,2.8,0.19,5,0,12.47502492,9
1,800,2.8,0.19,5,0,12.47502547,9
1,1250,2.4,0.033,3,1,13.68435692,9
1,500,2.4,0.033,3,1,13.68435694,9
1,119,2.8,0.067,3,1,12.59209721,9
1,320,2.4,0.05,4,1,13.40607849,9
1,200,2.8,0.1,5,1,13.0063482,9
1,1600,2.4,0.067,3,1,13.24773541,9
1,160,2.4,0.05,4,1,13.42701822,8
1,500,2.4,0.067,4,1,13.29139678,8
1,64,2.4,0.008,4,1,13.29912658,8
1,1016,2.8,0.1,3,1,12.59209699,8
1,200,2.4,0.05,4,1,13.29139679,8
1,1000,2.4,0.067,3,1,13.0935484,8
1,160,2.4,0.05,4,1,13.2913968,8
1,413,2.8,0.067,3,1,12.99225126,8
1,800,2.4,0.033,3,1,13.2935493,8
1,753,2.8,0.1,3,1,12.56745708,8
1,800,2.8,0.1,3,1,12.93338618,8
1,714,2.8,0.1,3,1,12.59209656,8
1,78,2.8,0.05,3,1,12.59209644,8
1,64,2.4,0,4,1,13.29019063,8
1,410,2.8,0.067,3,1,12.99225094,8
1,255,2.8,0.049,5,0,12.30749829,8
1,125,2.4,0.008,3,1,13.61009992,8
1,70,2.8,0.002,3,1,12.49964387,8
1,800,2.8,0.19,5,0,12.47502596,8
1,3200,2.4,0.067,1,1,13.40608513,8
1,1000,2.4,0.033,3,1,12.99178853,8
1,125,2.4,0.05,4,1,13.43830986,8
1,160,2.4,0.008,3,1,13.61009991,8
1,125,2.4,0.007,3,1,13.61009991,8
1,400,2.4,0.059,4,1,13.48320828,8
1,74,2.8,0.003,3,0,12.41360611,8
1,64,2.4,0.001,4,1,13.38990601,8
1,200,8,0.001,6,2,13.10301744,8
1,100,2.8,0.002,5,0,12.42017059,8
1,3200,2.4,0.067,1,1,13.40608348,8
1,3200,2.4,0.067,1,1,13.40608344,8
1,80,2.8,0.004,3,1,13.51661449,8
1,125,2.4,0.007,3,1,13.6100999,8
1,1000,2.4,0.033,1,1,13.40608655,8
1,208,2.8,0.033,5,0,12.30749827,8
1,64,2.4,0.003,4,1,13.42701664,8
1,64,2.4,0.003,4,1,13.42701528,8
1,3200,2.4,0.067,3,1,12.86893748,8
1,400,2.4,0.067,4,1,13.40609008,8
1,400,2.4,0.067,4,1,13.40609059,8
1,495,2.8,0.067,3,1,12.99225167,8
1,800,2.4,0.067,4,1,13.33959641,7
1,400,2.4,0.008,1,1,13.43830535,7
1,425,2.8,0.067,3,1,12.59209631,7
1,128,2.8,0.008,3,0,12.41360605,7
1,3200,2.4,0.067,1,1,13.4060835,7
1,400,2.4,0.008,1,1,13.40608331,7
1,250,2.4,0.05,4,1,13.43830021,7
1,70,2.8,0.002,3,1,12.59209673,7
1,250,2.4,0.05,4,1,13.4060912,7
1,70,2.8,0.001,3,1,12.49964323,7
1,581,2.8,0.091,3,1,12.84701141,7
1,70,2.8,0.002,3,1,12.49964446,7
1,500,2.8,0.049,5,0,12.47502675,7
1,320,2.4,0.05,4,1,13.40608502,7
1,250,2.4,0.05,4,1,13.40609595,7
1,2000,2.4,0.067,1,1,13.40608505,7
1,408,2.8,0.067,3,1,12.84702374,7
1,800,2.8,0.19,5,0,12.47502632,7
1,2500,2.4,0.067,3,1,13.28023,7
1,80,2.8,0.001,3,1,13.63596723,7
1,800,2.4,0.033,3,1,13.07455261,7
1,495,2.8,0.067,3,1,12.99225177,7
1,1000,2.4,0.033,3,1,13.07455262,7
1,1000,2.8,0.1,3,1,12.93339158,7
1,1000,2.8,0.1,3,1,12.9333915,7
1,514,2.8,0.059,3,1,12.99225105,7
1,350,2.8,0.067,3,1,12.99225158,7
1,125,2.4,0.007,3,1,13.61009993,7
1,64,2.4,0.001,4,1,13.38990401,7
1,80,2.8,0.001,3,1,13.38990356,7
1,1000,2.8,0.1,3,1,13.32318123,7
1,80,2.8,0.001,3,1,13.51661482,7
1,120,2.8,0.042,3,0,12.81977672,7
1,80,5.6,0.002,6,0,13.00791816,7
1,64,2.4,0.042,4,1,13.77103686,7
1,400,5.6,0.312,4,0,13.3078312,7
1,500,2.8,0.059,3,1,13.05727036,7
1,64,2.4,0.007,4,1,13.42701656,7
1,1000,2.8,0.1,3,1,12.93338612,7
1,800,2.4,0.067,4,1,13.65702965,7
1,400,2.4,0.059,4,1,13.29139681,7
1,200,2.4,0.05,4,1,13.42701792,6
1,70,2.8,0.002,3,1,12.49964354,6
1,1250,2.4,0.033,1,1,13.26014293,6
1,64,2.4,0.007,4,1,13.42955937,6
1,2000,2.4,0.067,1,1,13.26014292,6
1,500,2.8,0.067,3,1,13.59519842,6
1,1000,2.4,0.033,1,1,13.26014291,6
1,408,2.8,0.067,3,1,12.8470117,6
1,2500,2.4,0.067,1,1,13.26014294,6
1,158,2.8,0.067,3,1,12.84701175,6
1,778,2.8,0.1,3,1,12.84701181,6
1,70,2.8,0.002,3,1,12.49964416,6
1,250,2.4,0.05,4,1,13.42701803,6
1,64,2.4,0.042,4,1,13.36311393,6
1,400,5.6,0.25,4,0,13.30783118,6
1,200,2.4,0.05,4,1,13.29912656,6
1,125,2.4,0.007,3,1,13.61009994,6
1,395,2.8,0.067,3,1,12.84701189,6
1,400,3.3,0.1,4,0,13.30783134,6
1,50,2.4,0.002,4,1,13.80796943,6
1,125,2.4,0.007,3,1,13.61009995,6
1,400,2.4,0.033,3,1,13.34669528,6
1,2000,2.4,0.033,1,1,13.26014294,6
1,200,2.8,0.1,4,0,13.10128976,6
1,70,2.8,0.002,3,1,12.99225483,6
1,79,2.8,0.008,3,0,12.41360625,6
1,581,2.8,0.077,3,1,12.59209666,6
1,260,2.8,0.067,3,1,12.59209599,6
1,70,2.8,0.002,3,1,12.59209603,6
1,1000,2.8,0.1,3,1,12.93339171,6
1,1000,2.8,0.1,3,1,12.93338648,6
1,320,2.5,0.017,14,0,13.46586887,6
1,128,2.8,0.05,3,0,12.78781962,6
1,482,2.8,0.059,3,1,12.99225115,6
1,800,2.4,0.033,3,1,13.07455261,6
1,320,2.4,0.05,4,1,13.25876974,6
1,1000,2.4,0.033,3,1,13.1173805,6
1,64,2.4,0.001,4,1,13.38990562,6
1,64,2.4,0.002,4,1,13.38990495,6
1,64,2.4,0.008,4,1,13.42955931,6
1,400,2.4,0.067,4,1,13.33959642,6
1,800,2.4,0.067,4,1,13.40608607,6
1,320,2.4,0.017,1,1,13.43830059,6
1,80,2.4,0.05,4,1,13.28542407,6
1,1000,2.8,0.1,3,1,12.93338532,6
1,64,2.4,0.05,4,1,13.3793246,6
1,1000,2.4,0.033,3,1,13.07455262,6
1,250,2.4,0.001,1,1,13.26014288,5
1,400,2.4,0.033,3,1,13.17397453,5
1,1250,2.4,0.033,3,1,12.85171465,5
1,160,2.8,0.067,3,1,13.33001381,5
1,157,2.8,0.067,3,1,12.75224301,5
1,469,2.8,0.067,3,1,12.99225188,5
1,574,2.8,0.077,3,1,12.99225198,5
1,125,3.5,0.001,12,2,13.00873527,5
1,80,2.4,0.002,4,1,13.42701701,5
1,1000,2.8,0.1,3,1,12.93339212,5
1,320,2.8,0.067,3,1,13.15102104,5
1,160,2.8,0.067,3,1,13.27818672,5
1,200,2.4,0.017,3,1,13.19283406,5
1,748,2.8,0.066,5,0,12.83446046,5
1,213,2.8,0.067,3,1,12.84701116,5
1,800,2,0.05,4,0,13.75290744,5
1,1000,2.8,0.067,3,1,13.0335543,5
1,160,2.8,0.067,3,1,13.27818675,5
1,80,2.8,0.002,3,1,13.64798617,5
1,640,2.5,0.017,14,0,13.465869,5
1,500,2.4,0.067,4,1,13.28542411,5
1,618,2,0.033,3,1,13.65782593,6
1,400,2.4,0.033,3,1,13.38091871,5
1,91,2.8,0.025,3,0,12.41360646,5
1,250,2.4,0.05,4,1,13.63540895,5
1,487,2.8,0.067,3,1,12.59209685,5
1,70,2.8,0.001,3,1,12.59209679,5
1,1016,2.8,0.1,3,1,12.59209638,5
1,320,2.4,0.05,4,1,13.59865352,5
1,100,2.8,0.017,3,1,13.62370944,5
1,800,2.4,0.033,3,1,12.86631859,5
1,80,2.8,0.003,3,1,13.51661451,5
1,160,2.4,0.033,2,1,13.68435718,5
1,125,2.4,0.006,3,1,13.61009995,5
1,100,2.4,0.05,4,1,13.28542407,5
1,125,2.4,0.05,4,1,13.28542407,5
1,200,2.4,0.017,3,1,13.68435695,5
1,50,2.638671875,0.019,3,1,13.03289847,5
1,80,4,0.005,4,0,12.89791644,5
1,500,4,0.025,24,2,12.89049726,5
1,400,4.5,0.1,32,0,13.50826605,5
1,800,2.4,0.033,3,1,13.07455261,5
1,400,2.8,0.059,3,1,12.92608422,5
1,1000,2.8,0.067,3,1,12.97130859,5
1,1000,2.8,0.067,3,1,12.9713086,5
1,320,2.4,0.033,3,1,13.05120419,5
1,800,2.4,0.067,4,1,13.33959641,5
1,64,2.4,0.025,4,1,13.3395963,5
1,800,2.4,0.067,4,1,13.3395963,5
1,800,2.4,0.067,4,1,13.33959642,5
1,125,2,0.008,3,1,13.83461241,5
1,64,2.638671875,0.031,3,1,13.13124086,5
1,1000,2.4,0.033,1,1,13.40608647,5
1,160,2.8,0.008,5,0,12.23910832,5
1,500,2.4,0.067,4,1,13.43917546,5
1,400,4.5,0.033,29,0,13.50826607,4
1,160,2,0.008,3,1,13.8613319,4
1,70,2.8,0.001,3,1,12.48855797,4
1,80,3.5,0.01,5,0,12.89791653,4
1,50,2.638671875,0.003,3,1,12.9102166,4
1,250,2.8,0.067,3,1,12.91394953,4
1,320,2.4,0.05,4,1,13.33959636,4
1,250,2.4,0.05,4,1,13.48320818,4
1,160,3.6,0.004,6,0,12.89791647,4
1,1000,2.8,0.067,3,1,12.8689723,4
1,160,2.8,0.067,3,1,13.17843949,4
1,80,2.8,0.059,3,1,13.16512647,4
1,80,2.8,0.007,3,1,13.07290376,4
1,70,2.8,0.004,3,1,12.99225434,4
1,70,2.8,0.003,3,1,12.99225474,4
1,100,4,0.008,6,2,12.99318654,4
1,1000,2.4,0.033,3,1,13.38091011,4
1,200,3,0.1,6,0,13.05686009,4
1,2000,2.4,0.067,1,1,13.5455321,4
1,1600,2.4,0.033,3,1,12.85171457,4
1,800,2,0.033,1,1,13.84598869,4
1,80,2.8,0.008,3,1,13.07290376,4
1,1600,2.4,0.033,1,1,13.40608652,4
1,160,2.4,0.05,4,1,13.40608699,4
1,80,2.4,0,3,1,13.19283398,4
1,80,2.8,0.008,3,1,12.97388215,4
1,125,2.8,0.067,3,1,12.97502787,4
1,640,2.4,0.042,3,1,13.62802373,4
1,200,2.4,0.033,3,1,13.68435694,4
1,125,2.4,0.006,3,1,13.61009994,4
1,1000,2.4,0.033,3,1,13.18780065,4
1,64,2.4,0.033,4,1,13.28542408,4
1,320,0,0.067,2,1,13.39392595,4
1,100,2.8,0,5,0,12.23910859,4
1,200,2.4,0.017,3,1,13.61009996,4
1,160,2.4,0.008,3,1,13.61009996,4
1,800,2.4,0.033,3,1,13.13251677,4
1,400,2.8,0.077,4,0,13.10128974,4
1,640,2,0.067,3,1,13.83461262,4
1,97,2.8,0.008,3,0,12.41360629,4
1,640,2.8,0.067,3,1,13.73000414,4
1,1250,2.4,0.033,3,1,12.85171476,4
1,800,2.4,0.067,3,1,13.73635678,4
1,200,2.8,0.067,3,1,12.97130857,4
1,250,2.4,0.05,2,1,13.73386634,4
1,154,2.8,0.067,3,1,12.8470111,4
1,500,2.4,0.033,3,1,13.07455263,4
1,80,2.8,0.017,3,1,13.62370937,4
1,1000,2.8,0.067,3,1,13.4039706,4
1,100,2.8,0.067,3,1,13.62370901,4
1,800,2.4,0.067,4,1,13.65702912,4
1,83,2.8,0.008,3,1,12.75224298,4
1,80,2.8,0.003,3,1,13.63596724,4
1,432,2.8,0.067,3,1,12.84701155,4
1,400,2.4,0.067,4,1,13.49873587,4
1,400,2.4,0.05,4,1,13.3793246,4
1,800,2.4,0.067,4,1,13.25873386,4
1,1600,2.4,0.042,3,1,13.14613105,4
1,125,2.4,0.05,4,1,13.5986533,4
1,160,2.8,0.067,3,1,13.27818293,4
1,160,2.8,0.067,3,1,13.27818315,4
1,320,2.8,0.067,3,1,13.28678657,4
1,1250,2.4,0.033,3,1,13.79518009,4
1,800,2.4,0.067,4,1,13.26298106,4
1,160,2.8,0.067,3,1,13.33001377,4
1,1000,2.8,0.1,3,1,12.93339184,4
1,1000,2.8,0.1,3,1,12.93338491,4
1,125,2.4,0.05,4,1,13.28542411,4
1,1000,2.8,0.067,3,1,13.41331872,4
1,800,2.4,0.033,3,1,13.50828036,4
1,50,2.4,0.033,4,1,13.64380768,4
1,80,2.8,0.002,3,1,13.40394099,4
1,80,2.4,0.008,4,1,13.2854241,4
1,320,2.4,0.05,4,1,13.40609246,4
1,1000,2.8,0.1,3,1,12.93338642,4
1,1000,2.8,0.1,3,1,12.93338638,4
1,64,2.4,0.008,4,1,13.2854241,4
1,250,2.8,0.067,3,1,13.15102101,4
1,80,2.4,0.025,4,1,13.29912655,4
1,80,2.8,0.002,3,1,13.52698273,4
1,80,2.4,0.033,4,1,13.28542409,4
1,1000,2.8,0.1,3,1,12.93339205,4
1,80,2.8,0.003,3,1,13.52698273,4
1,80,2.8,0.001,3,1,13.5166148,3
1,80,2.8,0.002,3,1,13.51661453,3
1,64,2.4,0.004,4,1,13.60931657,3
1,125,2.8,0.067,3,1,13.27818282,3
1,1250,4.5,0.02,30,0,13.50295969,3
1,80,2.8,0.001,3,1,13.51661457,3
1,125,2.4,0.001,3,1,13.51661467,3
1,250,2.8,0.067,3,1,13.27818296,3
1,125,2.8,0.067,3,1,13.27818318,3
1,800,2.4,0.067,4,1,13.65948124,3
1,125,2.4,0.05,4,1,13.37932461,3
1,80,2.8,0.033,3,1,13.40396533,3
1,400,2.4,0.067,4,1,13.65948129,3
1,80,2.8,0.002,3,1,13.51661446,3
1,400,3.3,0.033,4,0,13.50826605,3
1,100,2.4,0.05,4,1,13.40608647,3
1,400,2.4,0.059,4,1,13.3793246,3
1,80,2.8,0.02,3,1,13.26269808,3
1,1600,2.4,0.05,1,1,13.54553211,3
1,64,2.4,0.001,4,1,13.33959632,3
1,64,2.4,0.005,4,1,13.33959631,3
1,64,2.4,0.001,4,1,13.33959631,3
1,80,2.4,0.05,4,1,13.29912656,3
1,80,2.4,0.033,4,1,13.29912657,3
1,800,2.4,0.067,4,1,13.33959633,3
1,64,2.4,0,4,1,13.33959632,3
1,320,2,0.05,3,1,13.87787672,3
1,200,2,0.05,3,1,13.87787657,3
1,64,2.4,0.001,4,1,13.33959636,3
1,800,2.4,0.067,4,1,13.79267064,3
1,200,2,0.033,3,1,13.87787655,3
1,50,2.4,0.033,4,1,13.83230221,3
1,160,2.8,0.067,3,1,12.97502783,3
1,88,2.8,0.017,3,1,12.97180754,3
1,80,4,0.005,5,0,12.89791661,3
1,100,2.8,0.067,3,1,12.9139593,3
1,250,2.8,0.067,3,1,12.92608415,3
1,125,2.4,0.006,3,1,13.65870121,3
1,125,2.4,0.005,3,1,13.65870122,3
1,640,2.4,0.042,3,1,13.62802367,3
1,80,4,0.008,4,0,12.89791658,3
1,80,3.8,0.013,8,0,12.89791656,3
1,137,2.8,0.059,3,1,12.86373149,3
1,640,2.8,0.067,3,1,12.86893731,3
1,640,2.8,0.067,3,1,12.86897303,3
1,500,4.2,0.02,28,2,12.89049726,3
1,80,4,0.008,5,0,12.89791641,3
1,100,3.5,0.01,4,0,12.8979165,3
1,800,2.8,0.067,3,1,12.86897286,3
1,1000,2.8,0.067,3,1,12.86897259,3
1,2000,2.4,0.067,3,1,12.8689375,3
1,500,2.4,0.067,3,1,12.8689377,3
1,1000,2.8,0.067,3,1,12.86893787,3
1,64,2.4,0.001,4,1,13.33959637,3
1,100,2.8,0.067,3,1,13.45094931,3
1,1000,2.8,0.1,3,1,12.93338654,3
1,1000,2.8,0.1,3,1,12.93338631,3
1,320,2.8,0.067,3,1,12.93338625,3
1,320,2.796875,0.13,5,0,13.0677043,3
1,80,2.8,0.002,3,1,13.08064158,3
1,125,2.8,0.008,3,1,13.08063697,3
1,80,2.8,0.002,3,1,13.08062762,3
1,80,2.8,0.005,3,1,13.08061897,3
1,320,2.8,0.067,3,1,12.93338603,3
1,1000,2.8,0.1,3,1,12.93338566,3
1,200,2.8,0.05,5,0,12.83446044,3
1,800,2.4,0.067,4,1,13.48503751,3
1,400,2.8,0.067,3,1,13.15102085,3
1,400,2.8,0.067,3,1,13.15102082,3
1,100,2.8,0.067,3,1,13.11661977,3
1,400,2.4,0.067,4,1,13.72877549,3
1,400,2.4,0.067,4,1,13.72877549,3
1,400,3.3,0.05,4,0,13.30783142,3
1,400,3.3,0.1,4,0,13.30783125,3
1,400,2.4,0.067,4,1,13.73386646,3
1,100,2.8,0.067,3,1,13.17843952,3
1,80,2.8,0.033,3,1,13.17843945,3
1,100,3.9,0.4,9,0,13.17570644,3
1,80,2.8,0,3,1,13.19287798,3
1,320,2.4,0.05,4,1,13.48503753,3
1,160,2.8,0.024,5,0,12.4323377,3
1,200,2.8,0.024,5,0,12.43233764,3
1,100,2.8,0,5,0,12.23910845,3
1,64,2.4,0.001,4,1,13.33959637,3
1,64,2.4,0.005,4,1,13.33959638,3
1,200,2.4,0.05,4,0,13.816425,3
1,64,2.4,0.008,4,1,13.33959638,3
1,400,2.4,0.067,2,0,13.81642473,3
1,160,2.4,0.05,4,0,13.81642485,3
1,640,2.4,0.067,4,1,13.49274642,3
1,1000,2,0.05,4,1,13.70947927,3
1,80,2.8,0.005,3,1,13.08061924,3
1,3200,2.4,0.067,3,1,13.30581556,3
1,125,2.4,0.05,4,1,13.3294336,3
1,100,2.4,0.05,4,1,13.3294337,3
1,915,2,0.033,3,1,13.65782593,3
1,760,2,0.033,3,1,13.65782594,3
1,500,2.8,0.067,3,1,13.24919959,3
1,250,2.4,0.05,4,1,13.32943349,3
1,100,2.4,0.05,4,1,13.32943338,3
1,640,2.4,0.067,4,1,13.29653151,3
1,80,2.8,0.023,3,1,13.07290139,3
1,250,2.8,0.059,3,1,13.0729014,3
1,80,2.4,0.05,4,1,13.34417998,3
1,100,2.8,0.067,3,1,13.07290139,3
1,64,2.8,0.059,3,1,12.97134302,3
1,64,2.8,0.067,3,1,12.97134296,3
1,320,2.8,0.059,3,1,13.0729014,3
1,1000,2.8,0.067,3,1,13.07290142,3
1,100,2.4,0.05,4,1,13.3441799,3
1,80,2.8,0.05,3,1,13.62370925,3
1,320,2.4,0.05,4,1,13.25209921,3
1,50,2.638671875,0.024,3,1,13.13123112,3
1,50,2.638671875,0.031,3,1,13.13124311,3
1,428,2.8,0.199,5,0,12.76967557,3
1,790,2,0.033,3,1,13.58841237,3
1,500,2.4,0.033,3,1,13.18780084,3
1,400,2.4,0.033,3,1,12.95307644,3
1,640,2.4,0.033,3,1,12.95307647,3
1,640,2.8,0.067,3,1,13.62370914,3
1,800,4,0.025,10,2,13.28691992,3
1,80,2.8,0.042,3,1,13.62370921,3
1,64,2.4,0.001,4,1,13.29019078,3
1,400,2.4,0.05,4,1,13.59865346,3
1,800,2.4,0.067,4,1,13.2587338,3
1,800,2.4,0.067,4,1,13.25873365,3
1,800,2.4,0.067,4,1,13.25873354,3
1,80,2.8,0.067,3,1,13.11738067,3
1,400,2.8,0.067,3,1,13.11738062,3
1,800,2.4,0.067,4,1,13.25873372,3
1,800,2.8,0.067,3,1,13.11738059,3
1,1000,2.4,0.033,3,1,13.68435698,3
1,400,2.4,0.067,4,1,13.42701812,3
1,400,2.4,0.05,4,1,13.36929086,3
1,712,2,0.033,3,1,13.70307446,4
1,250,2.4,0.05,4,1,13.38125272,3
1,80,2.4,0.017,4,1,13.36929081,3
1,64,2.4,0.005,4,1,13.42701711,3
1,320,2.4,0.067,2,1,13.68435699,3
1,1600,2.4,0.042,1,1,13.38125198,3
1,64,2.4,0.002,4,1,13.36929074,2
1,800,2.4,0.067,4,1,13.55767046,2
1,3200,2.4,0.067,1,1,13.36929039,2
1,64,2.4,0.008,4,1,13.36929049,2
1,160,2.4,0.05,4,1,13.36311388,2
1,64,2.4,0.033,4,1,13.36311385,2
1,64,2.4,0.001,4,1,13.36929066,2
1,64,2.4,0.008,4,1,13.36929057,2
1,200,2.4,0.05,4,1,13.38125261,2
1,160,2.4,0.05,4,1,13.2854213,2
1,100,2.4,0.008,4,1,13.28542129,2
1,800,2.4,0.067,4,1,13.28542129,2
1,3200,2.4,0.067,1,1,13.28542128,2
1,80,2.4,0.017,4,1,13.28542131,2
1,64,2.4,0.05,4,1,13.28542131,2
1,1250,2.4,0.033,1,1,13.28542132,2
1,200,2.4,0.05,4,1,13.28542132,2
1,250,2.4,0.05,4,1,13.28542131,2
1,250,2.4,0.05,4,1,13.28542128,2
1,200,2.4,0.05,4,1,13.28542127,2
1,500,2.4,0.033,1,1,13.28542124,2
1,500,2.4,0.067,4,1,13.28541852,2
1,250,2.4,0.05,4,1,13.28541848,2
1,500,2.4,0.033,1,1,13.28542124,2
1,640,2.4,0.033,1,1,13.28542125,2
1,100,2.4,0.05,4,1,13.28542127,2
1,400,2.4,0.033,1,1,13.28542126,2
1,640,2.4,0.033,1,1,13.28542126,2
1,80,2.4,0.05,4,1,13.28542134,2
1,400,2.4,0.067,4,1,13.25209905,2
1,640,2,0.033,4,1,13.76205432,2
1,100,2.8,0.017,3,1,13.87638556,2
1,400,3.3,0.1,4,0,13.30783142,2
1,125,2.4,0.05,4,1,13.38125249,2
1,100,2.8,0.042,3,1,13.24731187,2
1,800,2.4,0.03,3,1,13.23644826,2
1,400,2.4,0.05,4,1,13.39510985,2
1,70,2.8,0.001,3,1,12.4885561,2
1,70,2.8,0.003,3,1,12.4885568,2
1,70,2.8,0.001,3,1,12.48855885,2
1,70,2.8,0.001,3,1,12.48855767,2
1,70,2.8,0.001,3,1,12.4885574,2
1,80,2.8,0,3,1,13.1928767,2
1,80,2.8,0.067,3,1,12.94664318,2
1,200,2.8,0.067,3,1,12.94664315,2
1,480,2.8,0.067,3,1,12.70901576,2
1,125,2.4,0.05,4,1,13.79303693,2
1,100,2.8,0.067,3,1,13.17843941,2
1,1600,4.5,0.1,13,0,13.33917496,2
1,70,2.8,0.001,3,1,12.99225453,2
1,800,3.5,0.077,4,0,13.33917497,2
1,64,2.4,0,4,1,13.33292996,2
1,320,2.8,0.067,3,1,13.17843956,2
1,100,2.8,0.067,3,1,13.1784396,2
1,640,2.8,0.067,3,1,13.17843964,2
1,100,2.8,0.067,3,1,13.17843966,2
1,1250,2.4,0.033,3,1,13.33250584,2
1,80,2.8,0.025,3,1,13.30526724,2
1,125,2.8,0.067,3,1,13.17843951,2
1,200,2.4,0.033,3,1,13.17843954,2
1,200,2.4,0.05,4,1,13.34417973,2
1,800,3.3,0.025,4,0,13.12038708,2
1,160,2.4,0.05,4,1,13.34494956,2
1,80,2.4,0.017,4,1,13.34494981,2
1,80,2.4,0.025,4,1,13.34418004,2
1,80,2.8,0.002,3,1,13.08064083,2
1,125,2.8,0.067,3,1,13.1166199,2
1,80,2.8,0.003,3,1,13.08062229,2
1,393,2.796875,0.13,5,0,13.06770466,2
1,100,2.8,0.067,3,1,13.1784394,2
1,369,2.796875,0.13,5,0,13.06770449,2
1,500,2.4,0.067,4,1,13.34495016,2
1,80,2.8,0.003,3,1,13.08062079,2
1,80,2.8,0.001,3,1,13.08062013,2
1,125,2.8,0.067,3,1,13.1784397,2
1,100,2.8,0.067,3,1,13.17843973,2
1,400,2.4,0.059,4,1,13.79303705,2
1,200,2.8,0.067,3,1,13.19283401,2
1,200,2.8,0.067,3,1,13.19283403,2
1,80,2.8,0.059,3,1,13.19283449,2
1,125,2.8,0.067,3,1,13.17843981,2
1,50,2.4,0.033,4,1,13.65685926,2
1,160,2.8,0.067,3,1,13.17843985,2
1,250,2.8,0.067,3,1,13.17843979,2
1,160,2.8,0.067,3,1,13.17843976,2
1,800,2.4,0.067,4,1,13.31480932,2
1,125,2.8,0.067,3,1,13.17843988,2
1,800,2.8,0.067,3,1,13.17843992,2
1,640,2.8,0.067,3,1,13.07290143,2
1,500,2.8,0.1,3,1,12.91394973,2
1,250,2.8,0.067,3,1,12.91571324,2
1,320,2.8,0.067,3,1,13.07290142,2
1,200,2.8,0.067,3,1,13.07290139,2
1,80,4.5,0.003,4,0,12.89791692,2
1,160,4.7,0.001,42,0,12.89791689,2
1,80,3.3,0.013,4,0,12.89791679,2
1,80,4.1,0.017,11,0,12.89791682,2
1,125,3.5,0.01,4,0,12.89791684,2
1,80,4,0.002,4,0,12.89791687,2
1,100,2.8,0.059,3,1,13.68177401,2
1,400,2.4,0.033,3,1,13.04743773,2
1,250,2.4,0.033,2,1,13.68435709,2
1,320,2.4,0.067,2,1,13.73386645,2
1,125,2.8,0.067,3,1,12.97502777,2
1,125,2.8,0.067,3,1,12.97502779,2
1,125,2.8,0.067,3,1,12.97502783,2
1,80,5,0.002,6,0,12.89791676,2
1,125,4,0.004,4,0,12.89791674,2
1,915,2,0.033,3,1,13.65782595,2
1,194,2.8,0.008,5,0,12.7678557,2
1,104,2.8,0.001,5,0,12.76785576,2
1,80,2.8,0.008,3,1,13.64798675,2
1,105,2.8,0.067,3,1,12.86373152,2
1,696,2,0.033,3,1,13.65782595,2
1,80,2.8,0.033,3,1,13.07290143,2
1,320,2.8,0.067,3,1,13.07290215,2
1,80,3.8,0.025,8,0,12.89791664,2
1,80,4,0.01,4,0,12.89791667,2
1,80,4,0.002,5,0,12.8979167,2
1,1000,2.8,0.067,3,1,12.86897274,2
1,500,2.8,0.067,3,1,12.86897246,2
1,488,2,0.033,3,1,13.65782596,2
1,800,2.8,0.067,3,1,12.86893745,2
1,446,2,0.033,3,1,13.65782596,2
1,790,2,0.033,3,1,13.65782597,2
1,400,2.8,0.05,4,0,13.10128975,2
1,800,2,0.033,4,1,13.78913437,2
1,80,2.8,0.05,3,1,13.79517986,2
1,1600,3.5,0.1,6,0,13.10655462,2
1,400,4.5,0.033,10,2,13.11081462,2
1,320,2.8,0.067,3,1,13.15102092,2
1,320,2.8,0.067,3,1,13.15102053,2
1,500,2.8,0.083,3,1,13.1510205,2
1,223,2,0.017,3,1,13.73512968,2
1,80,2.8,0.067,3,1,12.97134727,2
1,1600,2.4,0.067,3,1,13.79518049,2
1,1000,2.4,0.033,3,1,13.7951801,2
1,131,2,0,4,1,13.73523934,2
1,80,2.8,0.067,3,1,13.79517995,2
1,80,2.8,0.067,3,1,13.79518005,2
1,250,2.638671875,0.119,3,1,13.15639541,2
1,200,2.638671875,0.119,3,1,13.15640107,2
1,243,2,0.017,3,1,13.7351286,2
1,125,2.4,0.017,3,1,12.97564411,2
1,1000,2.8,0.067,3,1,12.9756448,2
1,320,4,0.04,29,2,13.06295438,2
1,80,2.8,0.002,3,1,13.64798614,2
1,80,2.8,0.001,3,1,13.64798608,2
1,581,2.8,0.067,3,1,12.84701108,2
1,528,2.8,0.067,3,1,12.84701147,2
1,50,2.4,0.05,4,1,13.71479752,2
1,250,2.8,0.067,3,1,13.27818645,2
1,100,2.4,0.05,4,1,13.71479719,2
1,1250,2,0.058,4,1,13.70947928,2
1,250,2.8,0.067,3,1,13.27818294,2
1,125,2.8,0.067,3,1,13.27818288,2
1,160,2.4,0.05,4,1,13.71479906,2
1,50,2.4,0.017,4,1,13.71479928,2
1,400,2.603515625,0.117,3,1,12.93888861,2
1,320,2,0.05,3,1,13.8778768,2
1,800,2,0,4,1,13.87787676,2
1,1000,2,0,4,1,13.87787654,2
1,200,2,0.05,3,1,13.87787667,2
1,320,2,0.05,3,1,13.87787669,2
1,160,2,0.008,3,1,13.86133183,2
1,1000,2,0.05,4,1,13.70947928,2
1,100,2,0.042,4,1,13.66194212,2
1,160,2,0.05,4,1,13.66194214,2
1,640,2,0.05,4,1,13.66195057,2
1,80,2.8,0.059,3,1,13.81779483,2
1,400,2.4,0.067,2,1,13.84769704,2
1,160,2,0.008,3,1,13.8613319,2
1,1000,2.8,0.067,3,1,13.81779484,2
1,400,2.4,0.05,4,1,13.39510999,2
1,1016,2.8,0.1,3,1,12.65525791,2
1,1016,2.8,0.1,3,1,12.65525758,2
1,100,2.8,0.008,3,1,13.62370936,2
1,80,2.8,0.008,3,1,13.62370942,2
1,80,2.8,0.005,3,1,13.63596725,2
1,200,2.4,0.05,4,1,13.72877547,2
1,320,2.4,0.05,4,1,13.72877549,2
1,800,2.4,0.067,4,1,13.72877549,2
1,125,2.8,0.008,3,1,13.6453302,2
1,984,2,0.05,3,0,13.83437384,2
1,80,2.8,0.001,3,1,13.647986,2
1,80,2.8,0.033,3,1,13.64798546,2
1,800,2.8,0.067,3,1,13.64798538,2
1,125,2,0.001,3,1,13.82594984,2
1,200,2,0.025,3,1,13.82594984,2
1,640,2,0.033,3,1,13.82594978,2
1,1000,2.8,0.067,3,1,13.64798535,2
1,250,2.8,0.067,3,1,13.6237091,2
1,800,2.4,0.033,3,1,12.95307645,2
1,80,2.8,0.067,3,1,13.10483887,2
1,64,2.4,0.05,4,1,13.59865314,2
1,100,2.8,0.067,3,1,13.62370906,2
1,50,2.4,0.05,4,1,13.59865284,2
1,160,2.8,0.067,3,1,13.10483889,2
1,125,2.4,0.007,3,1,13.65870122,2
1,320,2.4,0.05,4,1,13.2854213,2
1,1000,2.8,0.067,3,1,13.45094932,2
1,125,2.4,0,3,1,13.51661473,2
1,80,2.8,0.006,3,1,13.51661491,2
1,125,2.4,0.003,3,1,13.51661488,2
1,80,2.8,0,3,1,13.51661469,2
1,125,2.8,0.067,3,1,13.45094928,2
1,80,2.8,0.003,3,1,13.51661449,2
1,1250,4.5,0.02,26,0,13.50295877,2
1,80,2.8,0.002,3,1,13.51661466,2
1,80,2.8,0.001,3,1,13.51661465,2
1,1000,2.8,0.067,3,1,13.40397051,2
1,200,2.4,0.033,3,1,13.35892144,2
1,64,2.4,0.001,4,1,13.33959634,2
1,320,2.4,0.05,4,1,13.40019228,2
1,320,2.4,0.05,4,1,13.40019228,2
1,800,2.4,0.067,4,1,13.40019227,2
1,800,2.4,0.067,4,1,13.40019227,2
1,500,2.8,0.067,3,1,13.40393323,2
1,80,2.8,0.001,3,1,13.40394102,2
1,64,2.4,0.003,4,1,13.33959634,2
1,640,2.4,0.067,4,1,13.49274642,2
1,200,2.4,0.05,4,1,13.65948116,2
1,1000,2.8,0.067,3,1,13.40397062,2
1,80,2.8,0.008,3,1,13.4294442,2
1,80,2.8,0.005,3,1,13.42944914,2
1,1000,2.8,0.067,3,1,13.87791858,2
1,64,2.4,0,4,1,13.33959635,2
1,200,2.8,0.067,3,1,13.52697939,2
1,64,2.4,0.001,4,1,13.33959635,2
1,80,2.8,0.007,3,1,13.52697944,2
1,1000,2.4,0.033,1,1,13.47799626,2
1,80,2.8,0.004,3,1,13.51494298,2
1,400,2.4,0.05,4,1,13.43061367,2
1,1600,2.4,0.059,1,1,13.43061372,2
1,80,2.8,0,3,1,13.52698048,2
1,3200,2.4,0.067,3,1,13.24884318,2
1,3200,2.4,0.067,3,1,13.24884317,2
1,250,2.4,0.05,4,1,13.41662524,2
1,160,2.8,0.067,3,1,13.44949217,2
1,800,2.4,0.067,4,1,13.38345585,2
1,250,2.4,0.05,4,1,13.38345585,2
1,125,2.4,0.05,4,1,13.38345584,2
1,400,2.4,0.067,4,1,13.38345584,2
1,100,2.8,0.017,5,2,13.44551756,2
1,100,2.5,0.008,50,0,13.50115314,2
1,800,2.4,0.067,4,1,13.4850375,2
1,80,2.8,0.033,3,1,13.39136158,2
1,160,4,0.025,24,0,13.50115376,2
1,400,2.8,0.067,3,1,13.38090865,2
1,100,2.4,0.05,4,1,13.60932017,2
1,64,2.8,0.067,3,1,12.97134284,1
1,535,2.8,0.067,3,1,12.65525691,1
1,1016,2.8,0.1,3,1,12.65525724,1
1,64,2.4,0.004,4,1,13.43615159,1
1,1000,2.4,0.04,4,1,13.25221136,1
1,400,2.8,0.067,3,1,13.62370918,1
1,500,2.4,0.067,4,1,13.59865397,1
1,200,2.4,0.05,4,1,13.43615159,1
1,400,2.4,0.05,4,1,13.43615158,1
1,80,2.8,0.059,3,1,13.63596684,1
1,80,2.8,0.001,3,1,13.63596692,1
1,80,2.8,0.001,3,1,13.63596694,1
1,250,2.4,0.016,4,1,13.23921449,1
1,800,4,0.025,24,0,13.50296203,1
1,50,2.4,0.006,4,1,13.71479839,1
1,100,2.8,0.008,3,1,13.62370939,1
1,50,2.4,0.006,4,1,13.71479836,1
1,500,2,0.013,50,0,13.50296284,1
1,500,2.8,0.067,3,1,13.0980798,1
1,200,2.8,0.067,3,1,13.27818299,1
1,64,2.4,0.017,4,1,13.7287325,1
1,64,2.4,0.025,4,1,13.7287325,1
1,1000,2.8,0.067,3,1,13.09808032,1
1,500,2.8,0.067,3,1,13.09808102,1
1,64,2.4,0.008,4,1,13.72873249,1
1,80,4,0.005,6,2,13.60828283,1
1,50,2.4,0.008,4,1,13.72873249,1
1,400,2.603515625,0.117,3,1,12.93888712,1
1,100,2.8,0.013,50,0,13.5011527,1
1,160,2,0.008,3,1,13.85260348,1
1,64,2.4,0.003,4,1,13.43615159,1
1,400,2.4,0.067,4,1,13.43615278,1
1,400,2.603515625,0.117,3,1,12.93888753,1
1,500,2.8,0.067,3,1,13.61809444,1
1,800,2.4,0.067,4,1,13.43986789,1
1,200,2.4,0.02,4,1,13.23921442,1
1,250,2,0.025,3,1,13.82594976,1
1,1000,2.8,0.067,3,1,13.64798529,1
1,320,2,0.017,3,1,13.82594978,1
1,1000,2.8,0.067,3,1,13.64798532,1
1,250,2,0.033,3,1,13.82594981,1
1,400,2.603515625,0.117,3,1,12.93888693,1
1,1000,2.8,0.067,3,1,13.64798521,1
1,50,2.603515625,0.002,3,1,12.93888648,1
1,250,2,0.033,3,1,13.82594981,1
1,1000,2.8,0.067,3,1,13.64798526,1
1,800,2.8,0.067,3,1,13.64798541,1
1,400,2.8,0.067,3,1,13.64798544,1
1,146,2.8,0.067,3,1,12.71826962,1
1,80,2.8,0.003,3,1,13.64798598,1
1,800,2.4,0.067,4,1,13.71479777,1
1,80,2.8,0.004,3,1,13.64798583,1
1,250,2.4,0.042,2,1,13.84773184,1
1,80,2.8,0.01,3,1,13.64798585,1
1,80,2.8,0.007,3,1,13.64798593,1
1,400,2.4,0.033,3,1,13.82885558,1
1,800,2.4,0.067,4,1,13.43986789,1
1,800,2.4,0.067,4,1,13.43986789,1
1,50,2.4,0.003,4,1,13.71479808,1
1,50,2.4,0.002,4,1,13.71479824,1
1,160,2,0.017,3,1,13.86506765,1
1,160,2.638671875,0.118,3,1,13.0869907,1
1,50,2.4,0.05,4,1,13.714798,1
1,400,2,0.013,50,0,13.50296475,1
1,874,2,0.042,3,0,13.83437364,1
1,250,2.8,0.067,3,1,13.64798353,1
1,80,2.8,0.017,3,1,13.64533236,1
1,800,2.4,0.031,4,1,13.23920669,1
1,400,2.8,0.067,3,1,13.64798357,1
1,400,2.4,0.033,3,1,13.64798511,1
1,2000,2.4,0.067,3,1,13.64798514,1
1,1000,2.8,0.067,3,1,13.64798513,1
1,100,2.8,0.025,3,1,13.64533023,1
1,900,2,0.05,3,0,13.83437354,1
1,125,2.4,0.003,3,1,13.64533024,1
1,125,2.4,0.02,4,1,13.23921336,1
1,200,2.4,0.05,4,1,13.71479864,1
1,50,2.638671875,0.011,3,1,13.13159866,1
1,400,2.4,0.05,4,1,13.71479967,1
1,500,2,0.033,4,1,13.87787658,1
1,50,2.4,0.042,4,1,13.71479902,1
1,1600,2,0,4,1,13.87787653,1
1,1000,2,0,4,1,13.87787649,1
1,1600,2,0,4,1,13.87787647,1
1,1600,2,0,4,1,13.87787646,1
1,1600,2,0,4,1,13.87787649,1
1,200,2.4,0.01,4,1,13.26424143,1
1,1250,2,0,4,1,13.87787651,1
1,1600,5,0.02,35,0,13.50115808,1
1,1000,2,0,4,1,13.87787651,1
1,250,2.8,0.067,3,1,12.9530764,1
1,160,2.638671875,0.104,3,1,13.1312292,1
1,50,2.638671875,0.005,3,1,13.13123038,1
1,320,2,0.05,3,1,13.87787663,1
1,200,2,0.042,3,1,13.87787665,1
1,64,2.4,0.003,4,1,13.60932025,1
1,800,2,0.033,4,1,13.87787662,1
1,200,2.638671875,0.119,3,1,13.13159327,1
1,50,2.638671875,0.017,3,1,13.13159188,1
1,320,2.638671875,0.119,3,1,13.13159233,1
1,250,2.638671875,0.119,3,1,13.13159418,1
1,160,2.638671875,0.119,3,1,13.13159558,1
1,400,2.638671875,0.119,3,1,13.1315986,1
1,1600,2,0,4,1,13.87787682,1
1,250,2,0.042,3,1,13.87787678,1
1,200,2,0.042,3,1,13.87787675,1
1,200,2.638671875,0.119,3,1,13.13159799,1
1,200,2.638671875,0.119,3,1,13.13159775,1
1,125,2.4,0.05,4,1,13.71479908,1
1,50,2.638671875,0.031,3,1,13.13124421,1
1,400,4,0.025,26,0,13.5011561,1
1,64,2.638671875,0.031,3,1,13.13124035,1
1,80,2.638671875,0.031,3,1,13.13124453,1
1,1250,2,0.033,4,1,13.87787661,1
1,1000,2,0.033,4,1,13.87787659,1
1,640,3.5,0.025,20,0,13.50295902,1
1,50,2.4,0.042,4,1,13.59865302,1
1,100,2.4,0.05,4,1,13.59865298,1
1,125,2.4,0.05,4,1,13.59865309,1
1,80,2.8,0.025,3,1,13.10483696,1
1,1250,2.4,0.033,3,1,13.45094928,1
1,160,2.4,0.05,4,1,13.59865294,1
1,640,2.4,0.067,4,1,13.5986529,1
1,1600,5.6,0.025,55,0,13.50295827,1
1,400,2.603515625,0.117,3,1,12.93888816,1
1,500,3.5,0.033,18,0,13.50295805,1
1,400,2.603515625,0.117,3,1,12.93888795,1
1,200,2.8,0.067,3,1,13.27818268,1
1,1600,4.5,0.017,35,0,13.50295853,1
1,160,2.4,0.05,4,1,13.5986532,1
1,64,2.4,0.033,4,1,13.59865326,1
1,800,2.4,0.067,4,1,13.59865392,1
1,800,2.4,0.067,4,1,13.59865386,1
1,800,2.4,0.067,4,1,13.59865382,1
1,1250,2,0,4,1,13.87787677,1
1,500,2.4,0.067,4,1,13.71479862,1
1,250,2.4,0.05,4,1,13.59865377,1
1,160,2.4,0.05,4,1,13.72873248,1
1,200,2.4,0.05,4,1,13.72873248,1
1,320,2.4,0.05,4,1,13.5986534,1
1,400,2.603515625,0.117,3,1,12.93888775,1
1,200,2.4,0.05,4,1,13.71479872,1
1,200,2.4,0.05,4,1,13.71479874,1
1,50,2.4,0.042,4,1,13.71479892,1
1,1000,2.8,0.059,3,1,13.8259901,1
1,320,2.8,0.067,3,1,13.59519845,1
1,80,2.8,0.001,3,1,13.59519987,1
1,160,2.4,0.05,4,1,13.72873247,1
1,3200,2.4,0.067,3,1,13.59519841,1
1,1600,4.5,0.025,30,0,13.50116101,1
1,500,3.5,0.033,18,0,13.50116073,1
1,1250,2,0,4,1,13.87787645,1
1,500,2.8,0.067,3,1,13.82599127,1
1,80,2.8,0.001,3,1,13.5951999,1
1,1600,2,0,4,1,13.87787645,1
1,200,2.4,0.05,4,1,13.72873247,1
1,1600,4,0.025,24,0,13.50116245,1
1,1250,2,0.033,4,1,13.87787641,1
1,80,2.8,0.067,3,1,13.10483967,1
1,1600,5.6,0.05,45,0,13.50295758,1
1,160,2.8,0.067,3,1,13.10483942,1
1,80,2.8,0.001,3,1,13.59520001,1
1,800,3.5,0.033,18,0,13.50116172,1
1,160,2.4,0.05,4,1,13.72873247,1
1,344,2.8,0.067,3,1,12.62719413,1
1,1000,2,0.033,4,1,13.87787642,1
1,640,2,0,4,1,13.87787643,1
1,219,2.8,0.067,3,1,12.71827005,1
1,250,2.8,0.067,3,1,12.97135059,1
1,1000,2,0.033,4,1,13.72621759,1
1,1600,2,0.033,4,1,13.72621765,1
1,1600,2,0.033,4,1,13.72621768,1
1,1600,2,0.05,4,1,13.72621767,1
1,1600,2,0.033,4,1,13.72621766,1
1,125,2,0.002,3,1,13.72625571,1
1,500,2.8,0.1,3,1,12.9713496,1
1,243,2,0.008,3,1,13.73512855,1
1,500,2.4,0.04,3,0,13.76569982,1
1,193,2,0.017,3,1,13.73512865,1
1,160,2.4,0.033,3,1,13.73000513,1
1,500,2.8,0.1,3,1,12.97134952,1
1,80,2.8,0.002,3,1,13.52344696,1
1,1000,2.8,0.067,3,1,13.7300047,1
1,100,2.4,0.007,3,0,13.76569954,1
1,80,2.8,0.008,3,1,13.69018024,1
1,640,2.4,0.033,3,1,13.04743774,1
1,80,2.8,0.001,3,1,13.51661474,1
1,80,2.8,0.001,3,1,13.51661476,1
1,80,2.8,0.025,3,1,12.99749503,1
1,800,3.3,0.077,4,0,13.0019984,1
1,80,2.8,0.008,3,1,13.52344952,1
1,320,2.8,0.067,3,1,12.9713431,1
1,80,2.8,0.001,3,1,13.51661477,1
1,80,2.4,0.006,4,1,13.23918543,1
1,160,2.8,0.067,3,1,13.5166149,1
1,80,2.8,0,3,1,13.51661478,1
1,80,2.8,0.067,3,1,13.09358541,1
1,320,2.8,0.067,3,1,12.97134512,1
1,160,2.8,0.067,3,1,13.52344841,1
1,200,2.8,0.067,3,1,12.97134569,1
1,320,2.4,0.05,4,1,13.38345583,1
1,80,2.8,0.001,3,1,13.49001823,1
1,80,2.8,0.005,3,1,13.49002145,1
1,1000,2.8,0.1,3,1,13.15102058,1
1,400,2.8,0.067,3,1,13.15102046,1
1,160,2.8,0.059,3,1,12.97134775,1
1,500,2.4,0.067,4,1,13.38345584,1
1,125,2.8,0.067,3,1,12.97134762,1
1,80,2.8,0.059,3,1,13.48989602,1
1,100,2.8,0.067,3,1,12.97134733,1
1,320,2.8,0.067,3,1,13.39138117,1
1,80,2.8,0.002,3,1,13.48999074,1
1,125,2.8,0.067,3,1,12.97134797,1
1,1000,2.8,0.1,3,1,13.15102061,1
1,500,2.8,0.067,3,1,13.15102065,1
1,50,2.638671875,0.003,3,1,13.1564034,1
1,200,2.8,0.067,3,1,12.97134846,1
1,640,2.8,0.067,3,1,13.15102078,1
1,400,2.8,0.067,3,1,13.15102096,1
1,640,2.8,0.067,3,1,13.15102069,1
1,50,2.4,0.017,4,1,13.77097866,1
1,50,2.638671875,0.007,3,1,13.15640112,1
1,1600,2.4,0.05,1,1,13.49400263,1
1,137,2.8,0.067,3,1,12.78652974,1
1,156,2.8,0.067,3,1,12.78652937,1
1,80,2.8,0.001,3,1,13.64798627,1
1,191,2.8,0.067,3,1,12.79258268,1
1,997,2.8,0.1,3,1,12.79258297,1
1,125,2.4,0.001,3,1,13.64798628,1
1,107,2.8,0.067,3,1,12.79258349,1
1,155,2.8,0.067,3,1,12.79258335,1
1,80,2.8,0.001,3,1,13.6479862,1
1,1000,2,0.013,50,0,13.50296825,1
1,365,2.8,0.067,3,1,12.71827026,1
1,119,2.8,0.067,3,1,12.71827024,1
1,145,2.8,0.067,3,1,12.71827023,1
1,421,2.8,0.067,3,1,12.71827028,1
1,207,2.8,0.067,3,1,12.7182703,1
1,500,2,0.013,50,0,13.50296798,1
1,800,2.4,0.067,4,1,13.43986788,1
1,80,2.8,0.001,3,1,13.64798631,1
1,80,2.8,0.008,3,1,13.64798672,1
1,80,2.8,0.067,3,1,13.64798668,1
1,250,2.8,0.067,3,1,13.64798683,1
1,640,2.8,0.067,3,1,13.64798699,1
1,320,2.8,0.067,3,1,13.64798693,1
1,80,2.8,0.05,3,1,13.64798656,1
1,80,2.8,0.059,3,1,13.64798653,1
1,80,2.8,0.002,3,1,13.64798636,1
1,80,2.8,0.004,3,1,13.64798649,1
1,80,2.8,0.002,3,1,13.64798645,1
1,262,2.8,0.059,3,1,12.71827021,1
1,186,2.8,0.059,3,1,12.71827019,1
1,500,2.4,0.033,1,1,13.47799627,1
1,133,2.8,0.067,3,1,12.71826971,1
1,184,2.8,0.067,3,1,12.71826976,1
1,347,2.8,0.067,3,1,12.71826975,1
1,175,2.8,0.067,3,1,12.71826973,1
1,152,2.8,0.067,3,1,12.71826967,1
1,137,2.8,0.067,3,1,12.71826968,1
1,180,2.8,0.067,3,1,12.7182697,1
1,91,2.8,0.067,3,1,12.71826979,1
1,179,2.8,0.059,3,1,12.71826981,1
1,151,2.8,0.067,3,1,12.71827009,1
1,216,2.8,0.067,3,1,12.71827007,1
1,80,2.4,0.05,4,1,13.71479759,1
1,113,2.8,0.067,3,1,12.7182701,1
1,206,2.8,0.067,3,1,12.71827012,1
1,158,2.8,0.067,3,1,12.71827017,1
1,158,2.8,0.067,3,1,12.71827015,1
1,197,2.8,0.067,3,1,12.71827014,1
1,339,2.8,0.067,3,1,12.71827004,1
1,116,2.8,0.067,3,1,12.71827001,1
1,130,2.8,0.067,3,1,12.71826993,1
1,184,2.8,0.067,3,1,12.71826991,1
1,215,2.8,0.059,3,1,12.71826989,1
1,130,2.8,0.067,3,1,12.71826995,1
1,166,2.8,0.067,3,1,12.71826996,1
1,274,2.8,0.067,3,1,12.71827,1
1,150,2.8,0.067,3,1,12.71826998,1
1,250,2.8,0.067,3,1,13.64798702,1
1,100,3.3,0.003,4,0,12.8979177,1
1,80,4.5,0.002,4,0,12.89791768,1
1,250,3.8,0.003,8,0,12.89791765,1
1,100,2.8,0.04,3,1,13.07290143,1
1,80,2.8,0.007,3,1,13.68155486,1
1,80,2.8,0.008,3,1,13.68155489,1
1,80,2.8,0.006,3,1,13.68155487,1
1,125,2.4,0.001,3,1,13.51661454,1
1,100,2.8,0.067,3,1,13.51661447,1
1,80,2.8,0.008,3,1,13.52344993,1
1,125,2.8,0.008,3,1,13.07290143,1
1,80,2.8,0.002,3,1,13.6815547,1
1,200,2.4,0.033,3,1,13.48983006,1
1,250,2.8,0.067,3,1,13.48983841,1
1,80,2.8,0.002,3,1,13.51661444,1
1,80,2.8,0.002,3,1,13.51661454,1
1,80,2.8,0.001,3,1,13.51661454,1
1,80,2.8,0.001,3,1,13.5166147,1
1,80,2.8,0.001,3,1,13.48985874,1
1,400,3.9,0.028,5,2,13.0572847,1
1,2000,2.4,0.04,4,1,13.23918726,1
1,250,2.8,0.067,3,1,13.0729014,1
1,125,2.4,0.025,3,1,13.68177392,1
1,80,2.8,0.001,3,1,13.51661462,1
1,640,2.8,0.067,3,1,13.07290142,1
1,500,2.8,0.067,3,1,13.07290142,1
1,1000,2.8,0.1,3,1,12.91571328,1
1,250,2.8,0.067,3,1,13.07290142,1
1,80,2.8,0.001,3,1,13.51661463,1
1,80,2.8,0.003,3,1,13.51661462,1
1,320,2.8,0.067,3,1,13.07290143,1
1,80,2.8,0.006,3,1,13.87930454,1
1,800,3.3,0.067,4,0,13.50826608,1
1,3200,2.4,0.067,3,1,13.24884317,1
1,790,2,0.033,3,1,13.65782595,1
1,250,2.8,0.067,3,1,13.87930799,1
1,400,3.3,0.1,4,0,13.50826605,1
1,500,2.4,0.067,4,1,13.52550171,1
1,640,2,0.013,50,0,13.5029693,1
1,1158,2,0.042,3,1,13.65782593,1
1,500,2,0.013,50,0,13.50296953,1
1,915,2,0.033,3,1,13.65782592,1
1,125,2.8,0.067,3,1,13.87930802,1
1,80,2.8,0.001,3,1,12.88105431,1
1,125,2.4,0.002,3,1,13.07290375,1
1,125,2.8,0.008,3,1,13.07290375,1
1,100,2.8,0.067,3,1,12.88105442,1
1,80,2.8,0,3,1,13.07290375,1
1,80,2.8,0.006,3,1,13.68155463,1
1,80,2.8,0.006,3,1,13.6815546,1
1,200,2.8,0.067,3,1,13.07290215,1
1,80,2.8,0.017,3,1,13.07290376,1
1,100,2.8,0.008,3,1,13.07290376,1
1,518,2,0.033,3,1,13.65782595,1
1,400,4,0.003,28,2,13.22323109,1
1,1600,2,0.092,4,1,13.87787659,1
1,320,2.4,0.05,4,1,13.52795243,1
1,160,2.8,0.067,3,1,13.17843983,1
1,1250,2.4,0.033,1,1,13.46844793,1
1,64,2.4,0.005,4,1,13.4684425,1
1,125,2.4,0.05,4,1,13.58830358,1
1,64,2.4,0.025,4,1,13.46844797,1
1,320,2.8,0.067,3,1,13.17843965,1
1,200,3.5,0.001,4,0,13.54109745,1
1,3200,2.4,0.067,1,1,13.43895636,1
1,80,2.8,0.033,3,1,13.30526772,1
1,80,2.8,0.033,3,1,13.30526738,1
1,80,2.8,0.033,3,1,13.30526756,1
1,80,8,0.003,5,2,12.94273712,1
1,160,2.4,0.017,3,1,13.79222636,1
1,160,2.4,0.017,3,1,13.79222635,1
1,400,2.8,0.125,2,1,13.57663675,1
1,125,3.5,0.025,4,0,13.54109953,1
1,125,2.8,0.067,3,1,13.54521772,1
1,250,2.4,0.033,3,1,13.33250554,1
1,1600,2.4,0.067,3,1,13.33250556,1
1,500,2.4,0.033,3,1,13.33250553,1
1,160,2.8,0.067,3,1,13.33250552,1
1,200,2.8,0.067,3,1,13.33250532,1
1,1600,2.4,0.05,3,1,13.33250556,1
1,250,2.8,0.067,3,1,13.1784398,1
1,1016,2.8,0.1,3,1,12.70901603,1
1,200,2.8,0.067,3,1,13.54521773,1
1,100,2.8,0.059,3,1,13.17843968,1
1,160,2.8,0.067,3,1,13.17843971,1
1,100,2.8,0.067,3,1,13.17843977,1
1,125,2.8,0.067,3,1,13.17843974,1
1,64,2.4,0.001,4,1,13.27759619,1
1,80,2.8,0.002,3,1,13.42944169,1
1,367,2.8,0.067,3,1,12.70910146,1
1,320,2.4,0.033,1,1,13.27759572,1
1,409,2.8,0.059,3,1,12.70910163,1
1,115,2.8,0.067,3,1,12.70910134,1
1,152,2.8,0.067,3,1,12.70910115,1
1,90,2.8,0.067,3,1,12.7091013,1
1,400,2.4,0.067,4,1,13.55767074,1
1,316,2.8,0.067,3,1,12.70910168,1
1,2000,2.4,0.067,1,1,13.47204513,1
1,200,2.4,0.033,3,1,13.5269794,1
1,800,2.8,0.067,3,1,13.4039328,1
1,80,2.8,0.005,3,1,13.42944919,1
1,80,2.8,0.007,3,1,13.42944432,1
1,568,2.8,0.077,3,1,12.70910178,1
1,100,2.8,0.008,3,1,13.42944427,1
1,73,2.8,0.05,3,1,12.70910185,1
1,100,2.8,0.067,3,1,13.40393281,1
1,552,2.8,0.083,3,1,12.70910109,1
1,117,2.8,0.067,3,1,12.70910072,1
1,114,2.8,0.059,3,1,12.70910041,1
1,200,2.4,0.05,4,1,13.79303716,1
1,86,2.8,0.067,3,1,12.70910087,1
1,125,2.8,0.067,3,1,13.17843986,1
1,393,2.8,0.067,3,1,12.70910036,1
1,135,2.8,0.008,3,1,12.7091003,1
1,80,2.4,0.008,4,1,13.4720434,1
1,86,2.8,0.025,3,1,12.70910026,1
1,64,2.4,0.033,4,1,13.47204346,1
1,250,2.8,0.067,3,1,13.52697941,1
1,640,2.8,0.067,3,1,13.17843989,1
1,71,2.8,0.042,3,1,12.70910098,1
1,1600,2.4,0.042,1,1,13.47204512,1
1,64,2.4,0.042,4,1,13.47204352,1
1,554,2.8,0.1,3,1,12.70910094,1
1,100,2.8,0.067,3,1,13.17843962,1
1,80,2.8,0.003,3,1,13.08063042,1
1,100,2.8,0.033,3,1,13.17843948,1
1,80,2.8,0.003,3,1,13.40394108,1
1,80,2.8,0.001,3,1,13.40394104,1
1,80,2.8,0.002,3,1,13.08062825,1
1,80,2.8,0.059,3,1,13.17843943,1
1,640,2.8,0.067,3,1,13.40396509,1
1,80,2.8,0.003,3,1,13.0806336,1
1,80,2.8,0.003,3,1,13.08063391,1
1,100,2.8,0.067,3,1,13.40396522,1
1,640,2.8,0.067,3,1,13.40396515,1
1,100,3.3,0.25,4,0,13.17570672,1
1,80,2.8,0.001,3,1,13.08062462,1
1,320,2.8,0.067,3,1,13.17843958,1
1,80,2.8,0.033,3,1,13.40394097,1
1,1000,2.8,0.067,3,1,13.40397056,1
1,1000,2.8,0.059,3,1,13.40394086,1
1,80,2.8,0.002,3,1,13.08063445,1
1,64,2.4,0.017,4,1,13.3476244,1
1,100,2.4,0.05,4,1,13.34494944,1
1,125,2.4,0.001,3,1,13.87791853,1
1,640,2.4,0.067,4,1,13.34494968,1
1,125,2.4,0.05,4,1,13.34494939,1
1,80,2.4,0.05,4,1,13.34494976,1
1,200,2.4,0.05,4,1,13.34494921,1
1,800,2.4,0.067,4,1,13.34494932,1
1,125,2.8,0.067,3,1,13.11662026,1
1,400,3.3,0.2,4,0,13.12038744,1
1,160,3.3,0.033,4,0,13.12038945,1
1,320,3.3,0.033,4,0,13.12038951,1
1,80,2.4,0.05,4,1,13.34494952,1
1,400,2.4,0.05,4,1,13.34418017,1
1,1000,2.8,0.067,3,1,13.40397044,1
1,100,2.8,0.067,3,1,13.40396528,1
1,80,2.8,0.05,3,1,13.0806362,1
1,1000,2.8,0.067,3,1,13.40397048,1
1,80,2.8,0.017,3,1,13.08063766,1
1,250,2.4,0.05,4,1,13.34495005,1
1,80,2.8,0.002,3,1,13.0806403,1
1,80,2.4,0.017,4,1,13.34494986,1
1,100,2.8,0.059,3,1,13.40396533,1
1,1000,2.8,0.067,3,1,13.40397035,1
1,1000,2.8,0.067,3,1,13.40397042,1
1,250,2.4,0.05,4,1,13.34494996,1
1,400,2.4,0.033,3,1,12.9466433,1
1,3200,2.4,0.067,3,1,12.94664324,1
1,3200,2.4,0.067,3,1,12.94664323,1
1,3200,2.4,0.067,3,1,12.94664322,1
1,400,3.5,0.05,4,0,13.33569754,1
1,400,3.5,0.04,4,0,13.33569761,1
1,800,3.5,0.025,4,0,13.33569747,1
1,400,3.5,0.067,4,0,13.33569741,1
1,200,4,0.001,5,0,13.54109547,1
1,800,3.5,0.04,4,0,13.33569734,1
1,1600,2.4,0.042,3,1,12.94664322,1
1,1000,2.4,0.033,3,1,12.94664321,1
1,1250,2.4,0.05,3,1,12.94664315,1
1,200,2.8,0.067,3,1,12.94664316,1
1,500,2.8,0.067,3,1,12.94664317,1
1,500,2.8,0.067,3,1,12.94664319,1
1,1600,2.4,0.033,3,1,12.9466432,1
1,1250,2.4,0.033,3,1,12.94664319,1
1,1000,2.4,0.033,3,1,12.94664318,1
1,1250,2.4,0.033,3,1,12.94664317,1
1,1000,2.4,0.033,3,1,12.94664317,1
1,800,3.5,0.033,4,0,13.33569768,1
1,400,3.5,0.033,4,0,13.33569775,1
1,80,2.8,0.003,3,1,13.0806199,1
1,80,2.8,0.003,3,1,13.08061967,1
1,80,2.8,0.003,3,1,13.08061947,1
1,80,2.8,0.004,3,1,13.08062103,1
1,80,2.8,0.001,3,1,13.52698064,1
1,80,2.8,0.004,3,1,13.08062204,1
1,80,2.8,0.004,3,1,13.08062177,1
1,80,2.8,0,3,1,13.52698048,1
1,800,3.5,0.067,4,0,13.33917498,1
1,800,5,0.077,35,0,13.33917495,1
1,70,2.8,0.001,3,1,12.99225463,1
1,80,2.4,0.025,4,1,13.4306137,1
1,80,2.8,0.05,3,1,13.53853357,1
1,3200,2.4,0.067,1,1,13.43061359,1
1,80,2.8,0.059,3,1,13.53853416,1
1,800,2.4,0.067,4,1,13.34417963,1
1,1016,2.8,0.1,3,1,12.70910155,1
1,320,2.638671875,0.119,3,1,13.13159875,1
1,80,2.8,0.002,3,1,13.58904505,1
1,320,2.638671875,0.119,3,1,13.13159878,1
1,640,2.4,0.067,4,1,13.3812522,1
1,400,2.4,0.059,4,1,13.38125213,1
1,64,2.4,0.05,4,1,13.65780774,1
1,3200,2.4,0.067,3,1,13.65870124,1
1,400,2.4,0.05,4,1,13.39510992,1
1,500,2.4,0.067,2,1,13.84769702,1
1,64,2.4,0.05,4,1,13.38125228,1
1,320,2.4,0.05,4,1,13.38125237,1
1,1000,2.8,0.067,3,1,13.28358123,1
1,200,2.8,0.067,3,1,13.27943346,1
1,800,2.4,0.067,4,1,13.28541852,1
1,800,2.4,0.067,4,1,13.2854185,1
1,80,2.4,0.025,4,1,13.2854185,1
1,2500,2.4,0.067,3,1,13.53470367,1
1,160,2.638671875,0.119,3,1,13.13159914,1
1,80,2.4,0.05,4,1,13.28541848,1
1,250,2,0.033,4,1,13.76205433,1
1,125,2.8,0.067,3,1,13.2794335,1
1,160,2,0.008,3,1,13.8613318,1
1,320,2.8,0.067,3,1,13.71479684,1
1,640,2.4,0.067,4,1,13.38125243,1
1,160,2.638671875,0.093,3,1,13.13159905,1
1,125,2.638671875,0.076,3,1,13.13159897,1
1,160,2.4,0.05,4,0,13.81642465,1
1,160,2.638671875,0.084,3,1,13.13159909,1
1,125,2.8,0.067,3,1,13.52370734,1
1,800,2.8,0.067,3,1,13.81779484,1
1,80,2.8,0.05,3,1,13.28357652,1
1,125,2.8,0.067,3,1,13.52370735,1
1,200,2.8,0.067,3,1,13.52370734,1
1,80,2.8,0.007,3,1,13.87793056,1
1,800,2.8,0.067,3,1,13.81779487,1
1,200,2.4,0.05,4,1,13.81642259,1
1,125,2.4,0.05,4,1,13.39346629,1
1,1000,2.4,0.067,1,1,13.5013158,1
1,200,2.4,0.05,4,1,13.41662508,1
1,200,2.4,0.05,4,1,13.41662512,1
1,50,2.4,0.05,4,1,13.71479744,1
1,800,2.4,0.033,3,1,13.36910209,1
1,50,2.4,0.05,4,1,13.71479715,1
1,640,2.8,0.067,3,1,13.24799672,1
1,640,2.8,0.067,3,1,13.2473119,1
1,64,2.4,0.05,4,1,13.71479748,1
1,80,2.8,0.05,3,1,13.19283405,1
1,640,2.8,0.067,3,1,13.4039326,1
1,1000,2.8,0.067,3,1,13.40393264,1
1,640,2.8,0.067,3,1,13.40393272,1
1,160,2.4,0.05,4,1,13.71479757,1
1,80,2.8,0.059,3,1,13.19283406,1
1,640,2.8,0.067,3,1,13.40393254,1
1,1000,2.8,0.067,3,1,13.19287518,1
1,1000,2.8,0.067,3,1,13.19283453,1
1,1000,2.8,0.067,3,1,13.19283454,1
1,800,2.8,0.067,3,1,13.19283455,1
1,640,2.8,0.067,3,1,13.24731188,1
1,50,2.4,0.001,4,1,13.64249168,1
1,1250,2.4,0.033,3,1,13.18780066,1
1,100,2.4,0.05,4,1,13.41662495,1
1,800,2.4,0.033,3,1,13.20244116,1
1,80,2.8,0.042,3,1,13.58904342,1
1,400,2.4,0.05,4,1,13.55767045,1
1,200,2.8,0.08,4,1,13.15658854,1
1,100,2.8,0.067,3,1,13.58904288,1
1,500,2.4,0.033,3,1,13.58904287,1
1,250,2.4,0.05,4,1,13.64249166,1
1,214,2.8,0.033,5,0,12.76967557,1
1,800,2.8,0.067,3,1,13.17619279,1
1,320,2.4,0.05,4,1,13.64249115,1
1,640,2.4,0.05,3,1,13.62802364,1
1,50,2.4,0.001,4,1,13.6424917,1
2,640,2.4,0.067,4,1,13.75368103,669
2,50,2.4,0.042,4,1,13.7536839,633
2,160,2.4,0.033,1,1,13.75972241,406
2,50,2.4,0.005,4,1,13.762325,399
2,800,2.4,0.067,4,1,13.7554043,388
2,160,2.8,0.059,3,1,12.8430948,338
2,64,2.8,0.003,3,1,12.50650731,313
2,200,2.8,0.067,3,1,12.85011416,263
2,80,2.8,0.005,3,1,13.3177295,260
2,160,2.4,0.05,4,1,13.75367058,245
2,125,2.8,0.067,3,1,12.84309475,235
2,50,2.4,0.002,4,1,13.75367351,210
2,80,2.8,0.003,3,1,13.31772949,209
2,160,2.4,0.05,4,1,13.64718577,185
2,250,2.4,0.033,2,1,13.64718576,168
2,400,2.4,0.059,4,1,13.64718578,147
2,400,20,0.005,17,2,12.19148215,120
2,640,2.8,0.1,3,1,12.9294949,117
2,50,2.4,0.001,4,1,13.75367346,114
2,1600,3.5,0.067,33,2,12.1914579,110
2,80,2.8,0.002,3,1,13.19218763,62
2,80,2.8,0.002,3,1,13.19218792,62
2,640,2.4,0.067,4,1,13.56598083,60
2,640,2.4,0.067,4,1,13.60089753,59
2,1000,2.8,0.1,3,1,12.92949528,58
2,400,2.4,0.05,4,1,13.45722315,57
2,200,2.4,0.05,4,1,13.60089744,56
2,1000,2,0.01,6,2,13.25755427,53
2,500,2.4,0.067,4,1,13.56598068,52
2,1000,2.8,0.1,3,1,12.92949537,51
2,125,2.4,0.05,4,1,13.82860335,50
2,64,2.4,0.017,4,1,13.45898634,50
2,80,2.4,0.05,4,1,13.42369679,49
2,640,2.4,0.067,4,1,13.82106292,47
2,80,2.4,0.033,4,1,13.37793097,46
2,200,2.8,0.067,3,1,13.08296561,44
2,80,2.4,0.05,4,1,13.42369482,44
2,3200,2.4,0.067,4,1,13.59570828,44
2,800,2.4,0.067,4,1,13.45722393,43
2,80,2.4,0.05,4,1,13.42369581,43
2,80,2.4,0.05,4,1,13.42369629,43
2,80,2.8,0.001,3,1,13.08511811,42
2,100,3.2,0.05,4,1,12.95434757,40
2,640,4,0.01,70,2,13.27084535,40
2,80,2.4,0.05,4,1,13.42369534,39
2,800,2.8,0.067,3,1,13.08296582,39
2,320,2.2,0.067,4,1,13.8289535,39
2,80,2.4,0.05,4,1,13.82860342,38
2,80,2.8,0.004,3,1,13.08511799,37
2,50,2.4,0.033,4,1,13.8289488,37
2,640,2.4,0.067,4,1,13.45722477,37
2,80,2.8,0.001,3,1,13.08522049,37
2,200,2.4,0.05,4,1,13.59570835,37
2,50,2.4,0.05,4,1,13.82860354,36
2,800,2.4,0.067,4,1,13.56598077,36
2,100,2.4,0.05,4,1,13.83374794,36
2,800,2.4,0.067,4,1,13.56598072,36
2,64,2.4,0.05,4,1,13.82860307,35
2,250,2.2,0.033,4,1,13.82895346,35
2,100,2.4,0.033,4,1,13.37793007,34
2,64,2.4,0.042,4,1,13.37793048,34
2,64,2.4,0.05,4,1,13.37792921,34
2,64,2.4,0.05,4,1,13.37792962,34
2,50,2.4,0.001,4,1,13.61396275,34
2,200,2.2,0.033,4,1,13.82895352,34
2,400,2.4,0.067,4,1,13.59570783,32
2,500,2.4,0.067,4,1,13.60089738,32
2,50,2.4,0.002,4,1,13.61396239,32
2,64,2.4,0.05,4,1,13.82860383,31
2,320,2.4,0.05,4,1,13.83374798,31
2,80,2.4,0.05,4,1,13.83374801,31
2,250,2.4,0.05,4,1,13.83374805,31
2,50,2.4,0.003,4,1,13.61396258,31
2,640,4,0.003,20,2,13.25791829,31
2,250,2.2,0.033,4,1,13.82895367,30
2,400,2.8,0.067,3,1,13.08070894,30
2,320,2.2,0.042,4,1,13.82895356,30
2,400,2.4,0.059,4,1,13.61396826,29
2,640,2.4,0.067,4,1,13.61396771,29
2,400,2.4,0.067,4,1,13.82106301,29
2,100,2.4,0.05,4,1,13.82860363,29
2,250,2.4,0.05,4,1,13.59570814,28
2,400,2.4,0.062,4,1,13.45722633,28
2,80,2.4,0.05,4,1,13.82860355,28
2,50,2.4,0.002,4,1,13.61396248,28
2,400,2.4,0.059,4,1,13.59570791,27
2,80,2.8,0.05,3,1,13.08296641,27
2,64,2.4,0.033,2,1,13.61396793,27
2,500,2.8,0.067,3,1,13.02950173,27
2,320,2.4,0.033,2,1,13.59570774,27
2,160,2.4,0.05,4,1,13.59570821,27
2,400,2.4,0.033,2,1,13.59570773,26
2,80,2.4,0.033,4,1,13.37792723,26
2,80,2.4,0.05,4,1,13.61396793,26
2,64,2.4,0.034,4,1,13.37792881,26
2,80,2.8,0.004,3,1,13.08522035,26
2,80,2.8,0.059,3,1,12.93071308,25
2,200,2.2,0.033,4,1,13.82895358,25
2,400,2.4,0.062,4,1,13.45722552,25
2,50,2.4,0.001,4,1,13.61396229,25
2,80,2.4,0.042,4,1,13.37793141,25
2,160,2.4,0.05,4,1,13.83374811,25
2,800,2.4,0.067,4,1,13.82106317,25
2,80,2.8,0.001,3,1,13.07979339,25
2,64,2.4,0.042,4,1,13.37792846,24
2,80,2.4,0.017,4,1,13.45722746,24
2,100,2.4,0.05,4,1,13.59570799,24
2,100,2.4,0.05,4,1,13.59570772,24
2,50,2.4,0.025,4,1,13.486772,24
2,64,2.4,0.042,4,1,13.37792766,24
2,64,2.4,0.033,4,1,13.37792808,24
2,64,2.4,0.033,4,1,13.37792678,23
2,250,2.4,0.05,4,1,13.45723076,22
2,800,2.4,0.067,4,1,13.82106407,22
2,80,2.4,0.025,4,1,13.37792595,22
2,250,2.4,0.05,4,1,13.59570808,22
2,200,2.4,0.05,4,1,13.61396785,22
2,80,2.8,0.001,3,1,13.08522051,22
2,100,2.4,0.05,4,1,13.45902894,22
2,250,2.2,0.033,4,1,13.82895361,22
2,50,2.4,0.042,4,1,13.48677188,21
2,250,2.4,0.05,4,1,13.48677162,21
2,200,2.4,0.05,4,1,13.48677196,21
2,50,2.4,0.033,4,1,13.61396801,21
2,640,2.4,0.067,4,1,13.82106337,21
2,200,2.2,0.033,4,1,13.8289536,21
2,500,2.4,0.067,4,1,13.8210637,21
2,400,2.4,0.05,4,1,13.82106326,20
2,640,2.8,0.067,3,1,13.08296529,20
2,320,2.2,0.05,4,1,13.82895365,20
2,80,2.4,0.017,4,1,13.45898854,20
2,200,2.2,0.033,4,1,13.82895349,20
2,400,2.4,0.059,4,1,13.82106351,19
2,64,2.4,0.017,4,1,13.45723185,19
2,80,2.8,0.067,3,1,13.08296719,19
2,64,2.4,0.008,4,1,13.45722881,18
2,64,2.4,0.008,4,1,13.45723348,18
2,125,2.4,0.05,4,1,13.45723123,18
2,400,2.4,0.05,4,1,13.47555913,18
2,80,2.8,0.033,3,1,13.08296878,18
2,800,2.4,0.067,4,1,13.82106375,18
2,80,2.8,0.001,3,1,13.07979355,18
2,100,2.4,0.025,4,1,13.37792637,18
2,125,2.4,0.05,4,1,13.61396777,18
2,50,2.4,0.025,4,1,13.6139681,18
2,50,2.4,0.033,4,1,13.61396818,18
2,100,2.4,0.008,4,1,13.45723015,17
2,100,2.4,0.008,4,1,13.45723438,17
2,64,2.4,0.008,4,1,13.45722815,17
2,400,2.4,0.05,4,1,13.45723923,17
2,80,2.8,0.042,3,1,13.08296607,16
2,64,2.4,0.001,4,1,13.45350728,16
2,500,2.8,0.067,3,1,13.05445681,16
2,70,2.8,0.003,3,1,12.75104391,16
2,640,2.4,0.067,4,1,13.8210639,16
2,250,2.2,0.033,4,1,13.82895363,16
2,578,2.8,0.091,3,1,12.59469232,16
2,500,2.4,0.067,4,1,13.61828344,16
2,237,2.4,0.033,3,1,13.80262667,16
2,80,2.4,0.025,4,1,13.45899394,16
2,320,2.4,0.05,4,1,13.8210636,15
2,70,2.8,0.001,3,1,12.75104481,15
2,80,2.4,0.05,4,1,13.45903559,15
2,256,2.8,0.067,3,1,12.75105065,15
2,83,2.8,0.033,3,1,12.75104599,15
2,800,2.8,0.1,3,1,12.85236346,14
2,64,2.4,0.008,4,1,13.4589911,14
2,140,2.8,0.008,3,1,12.75104696,14
2,64,2.4,0.001,4,1,13.45723272,14
2,80,2.8,0.042,3,1,13.08298883,14
2,100,2.4,0.05,4,1,13.48677169,14
2,307,2.8,0.067,3,1,12.84049755,14
2,125,2.8,0.059,3,1,13.08296754,13
2,400,2.4,0.05,4,1,13.68651767,13
2,80,2.4,0.05,4,1,13.48677185,13
2,80,2.8,0.033,3,1,13.08296653,13
2,80,2.8,0.01,3,1,13.08070873,13
2,320,2.4,0.067,3,1,12.87244567,13
2,400,2.4,0.067,4,1,13.45903301,13
2,70,2.8,0.006,3,1,12.75104792,13
2,250,2.4,0.05,4,1,13.48677184,13
2,400,2.4,0.059,4,1,13.63802775,13
2,76,2.8,0.04,3,1,12.96296606,13
2,70,2.8,0.002,3,1,12.75104235,12
2,64,2.4,0.001,4,1,13.61291204,12
2,400,2.8,0.067,3,1,13.02950177,12
2,500,2.4,0.067,4,1,13.64580024,12
2,50,2.4,0.007,4,1,13.48677164,12
2,80,2.4,0.017,4,1,13.6357512,12
2,200,2.4,0.05,4,1,13.48677192,12
2,64,2.4,0.002,4,1,13.4590489,12
2,80,2.8,0.007,3,1,13.36810754,12
2,320,2.8,0.067,3,1,12.85236372,12
2,64,2.4,0.042,4,1,13.45903085,12
2,70,2.8,0.001,3,1,12.75104295,12
2,64,2.4,0.05,4,1,13.45903635,12
2,70,2.8,0.001,3,1,12.75104927,12
2,250,1.8,0.017,50,2,13.45384792,12
2,2500,2.4,0.067,4,1,13.63802768,11
2,320,2.4,0.05,4,1,13.64579992,11
2,80,2.4,0.05,4,1,13.61828313,11
2,100,2.8,0.01,3,1,13.08070888,11
2,100,2.8,0.025,3,1,13.08296552,11
2,400,2.4,0.05,4,1,13.6458,11
2,250,2.4,0.05,4,1,13.64580017,11
2,80,2.4,0.062,4,1,13.45903475,11
2,50,2.4,0.05,4,1,13.73319152,11
2,100,2.8,0.067,3,1,12.93071258,11
2,80,2.4,0.017,4,1,13.45899223,11
2,250,1.8,0.02,50,2,13.45384833,11
2,80,2.4,0.017,4,1,13.45722945,11
2,100,2.8,0.033,3,1,12.93071204,11
2,250,2,0.033,3,1,13.83571596,11
2,71,2.8,0.017,3,1,12.75104552,11
2,400,2.4,0.05,4,1,13.59391941,11
2,400,2.4,0.067,3,1,12.87244569,11
2,100,2.8,0.008,3,1,13.08522056,11
2,206,2.8,0.067,3,1,12.94071022,11
2,250,2.8,0.067,3,1,12.93071536,11
2,80,2.8,0.001,3,1,13.08070879,10
2,570,2.8,0.077,3,1,12.59469219,10
2,589,2.8,0.083,3,1,12.59469221,10
2,640,2.4,0.067,4,1,13.82107123,10
2,125,2.4,0.05,4,1,13.48677178,10
2,125,2.4,0.05,4,1,13.44006644,10
2,80,2.8,0.001,3,1,13.08296659,10
2,80,2.6,0.014,3,1,13.74396199,10
2,572,2.8,0.091,3,1,12.59469234,10
2,1000,2.8,0.067,3,1,13.05445662,10
2,80,2.4,0.017,4,1,13.45898366,10
2,250,2.4,0.05,4,1,13.47555984,10
2,563,2.8,0.091,3,1,12.59469224,10
2,100,2.8,0.059,3,1,12.93071298,10
2,800,2.8,0.067,3,1,12.93071328,10
2,80,2.8,0.067,3,1,12.93071268,10
2,64,2.8,0.033,3,1,12.8523632,10
2,50,2.4,0.001,4,1,13.73319198,10
2,250,2.4,0.008,3,1,13.34442105,10
2,64,2.4,0.017,4,1,13.68651729,10
2,70,2.8,0.002,3,1,12.75105017,10
2,83,2.8,0.008,3,1,12.75104741,10
2,80,2.8,0.005,3,1,13.08070874,10
2,70,2.8,0.002,3,1,12.75104647,10
2,250,2.8,0.067,3,1,12.93071352,9
2,1000,2.8,0.067,3,1,13.05445639,9
2,200,2.4,0.05,4,1,13.68651431,9
2,640,2.8,0.067,3,1,12.93071318,9
2,125,2.8,0.067,3,1,13.08393386,9
2,80,2.4,0.017,4,1,13.45898984,9
2,236,2.8,0.067,3,1,12.94071029,9
2,70,2.8,0.001,3,1,12.7510485,9
2,80,2.8,0.001,3,1,13.08522034,9
2,320,2.4,0.05,4,1,13.82107138,9
2,100,2.8,0.042,3,1,13.08299019,9
2,100,2.8,0.067,3,1,13.08761509,9
2,400,2.4,0.059,4,1,13.82107103,9
2,80,2.4,0.05,4,1,13.61828334,9
2,250,2.8,0.067,3,1,12.93071278,9
2,80,2.8,0.033,3,1,12.93071217,9
2,64,2.4,0.005,4,1,13.43318662,9
2,400,2.8,0.067,3,1,13.05445488,9
2,400,2.4,0.05,4,1,13.68651758,9
2,50,2.4,0.001,4,1,13.73319208,9
2,50,2.4,0.042,4,1,13.63802747,9
2,50,2.4,0.008,4,1,13.63802742,9
2,64,2.4,0.05,4,1,13.61828329,9
2,80,2.8,0.033,3,1,12.85236298,9
2,200,2.4,0.05,4,1,13.68651721,9
2,400,2.4,0.05,4,1,13.68651746,9
2,800,2.4,0.067,4,1,13.63802762,9
2,50,2.4,0.05,4,1,13.63802755,9
2,80,2.8,0.005,3,1,13.0852205,9
2,80,2.8,0.067,3,1,12.9307123,9
2,80,2.8,0.005,3,1,13.08761504,9
2,100,2.8,0.067,3,1,12.93071248,9
2,320,2.4,0.05,4,1,13.45904,9
2,64,2.4,0.004,4,1,13.45904679,9
2,64,2.4,0.05,4,1,13.61828319,9
2,400,2.4,0.05,4,1,13.64580009,9
2,125,2.8,0.067,3,1,12.98013357,9
2,50,2.4,0.001,4,1,13.73319186,9
2,80,2.8,0.033,3,1,13.0829663,9
2,87,2.8,0.067,3,1,12.94071016,8
2,500,2.4,0.067,4,1,13.8210709,8
2,400,2.4,0.05,4,1,13.60424992,8
2,400,2.4,0.05,4,1,13.45903776,8
2,50,2.4,0.017,4,1,13.73319145,8
2,100,2.8,0.067,3,1,12.93071373,8
2,125,2.8,0.067,3,1,12.93071287,8
2,200,2.4,0.05,4,1,13.7331917,8
2,100,2.4,0.05,4,1,13.48677174,8
2,1000,2.8,0.067,3,1,13.05445556,8
2,80,2.8,0.067,3,1,12.9307116,8
2,100,2.8,0.008,3,1,12.89815352,8
2,557,2.8,0.077,3,1,12.59469228,8
2,250,2.8,0.067,3,1,12.93071513,8
2,250,2.8,0.067,3,1,13.0295018,8
2,130,2.8,0.067,3,1,12.72987399,8
2,100,2.8,0.067,3,1,12.93071395,8
2,80,2.8,0.001,3,1,13.08296547,8
2,80,2.8,0.067,3,1,13.0829659,8
2,100,2.8,0.02,3,1,13.08296567,8
2,160,2.4,0.033,3,1,13.34442122,8
2,100,2.8,0.067,3,1,13.08070886,8
2,80,2.8,0.001,3,1,13.08522049,8
2,80,2.8,0.002,3,1,13.0852205,8
2,80,2.8,0.05,3,1,13.08070882,8
2,80,2.8,0,3,1,13.08522036,8
2,100,2.8,0.067,3,1,12.93071384,7
2,250,2.638671875,0.06,3,1,12.98860459,7
2,80,2.8,0.001,3,1,13.08522037,7
2,80,2.8,0.001,3,1,13.08522039,7
2,80,2.8,0,3,1,13.08522037,7
2,160,2.4,0.05,4,1,13.68651424,7
2,640,2.8,0.05,4,2,12.98704251,7
2,487,2.8,0.067,3,1,12.59469217,7
2,1000,2.8,0.067,3,1,13.02950175,7
2,587,2.8,0.083,3,1,12.5946923,7
2,602,2.8,0.067,3,1,12.59469225,7
2,125,2.8,0.067,3,1,12.93071238,7
2,80,2.8,0,3,1,13.08296572,7
2,100,2.8,0.067,3,1,13.08761502,7
2,500,2.8,0.067,3,1,13.08070877,7
2,800,2.4,0.067,4,1,13.7331912,7
2,320,2.4,0.05,4,1,13.73319137,7
2,80,2.8,0.033,3,1,13.08299234,7
2,250,2.4,0.008,3,1,13.34442112,7
2,64,2.4,0.042,4,1,13.45904138,7
2,80,2.8,0.067,3,1,12.93071181,7
2,160,2.8,0.067,3,1,12.98952456,7
2,50,2.4,0.002,4,1,13.73319176,7
2,400,2.4,0.05,4,1,13.68651353,7
2,50,2.4,0.017,4,1,13.6865139,7
2,178,2.8,0.059,3,1,12.84054178,7
2,640,2.4,0.067,4,1,13.82107077,7
2,320,2.4,0.05,4,1,13.63575094,7
2,320,2,0.033,3,1,13.83571578,7
2,80,2.8,0.001,3,1,13.08522053,7
2,320,2.4,0.05,4,1,13.68651736,7
2,500,2.4,0.067,4,1,13.82107119,7
2,160,2.4,0.033,3,1,13.34442117,6
2,200,2.8,0.067,3,1,13.45271579,6
2,80,2.8,0.003,3,1,13.08522039,6
2,80,2.8,0,3,1,13.08522051,6
2,800,2.4,0.067,4,1,13.82106581,6
2,80,2.4,0.008,4,1,13.63575118,6
2,250,2.8,0.067,3,1,13.46598631,6
2,100,2.8,0.025,3,1,12.96006123,6
2,800,2.4,0.067,4,1,13.82106601,6
2,125,2.8,0.067,3,1,12.93071405,6
2,80,2.8,0.001,3,1,13.08522055,6
2,80,2.4,0.059,4,1,13.39522073,6
2,64,2.4,0.017,4,1,13.68651362,6
2,500,2.4,0.067,2,1,13.68651391,6
2,800,2.4,0.067,4,1,13.68651379,6
2,400,2.6,0.033,3,1,13.62466011,6
2,80,2.8,0.067,3,1,13.08761506,6
2,400,2.4,0.05,4,1,13.68651403,6
2,200,2.8,0.067,3,1,13.08761502,6
2,400,2.4,0.067,2,1,13.68651393,6
2,1000,2.8,0.067,3,1,13.0544561,6
2,80,2.4,0.05,4,1,13.73319157,6
2,80,2.6,0.002,3,1,13.74396196,6
2,400,2.4,0.05,4,1,13.47555946,6
2,320,2.4,0.05,4,1,13.73319127,6
2,50,2.4,0.033,4,1,13.6865137,6
2,80,2.8,0.067,3,1,13.08296601,6
2,50,2.4,0.003,4,1,13.49542496,6
2,800,2.4,0.067,4,1,13.50836443,6
2,100,2.8,0.067,3,1,12.93071363,6
2,800,2.4,0.067,3,1,12.87244572,6
2,250,2.4,0.008,3,1,13.34442109,6
2,80,2.8,0,3,1,13.08522046,6
2,578,2.8,0.067,3,1,12.59469209,6
2,80,2.8,0.001,3,1,13.08522052,6
2,50,2.4,0.005,4,1,13.49542498,5
2,200,2.4,0.05,4,1,13.50836469,5
2,250,2.4,0.05,4,1,13.50836461,5
2,64,2.4,0.002,4,1,13.6357509,5
2,125,2.8,0.067,3,1,12.93071192,5
2,500,2.8,0.067,3,1,12.94071045,5
2,80,2.8,0.001,3,1,13.08522045,5
2,500,2.4,0.033,3,1,13.55222857,5
2,1000,2.8,0.067,3,1,12.97776306,5
2,80,2.8,0,3,1,13.08522052,5
2,400,2.4,0.05,4,1,13.68651415,5
2,80,2.8,0.001,3,1,13.08070891,5
2,800,2.8,0.067,3,1,13.05445579,5
2,80,2.8,0.003,3,1,12.89815371,5
2,125,2.8,0.067,3,1,13.08761507,5
2,200,2.4,0.05,4,1,13.79001889,5
2,125,2.8,0.059,3,1,13.08070871,5
2,200,2.4,0.05,4,1,13.50836479,5
2,80,2.6,0.001,3,1,13.74396193,5
2,50,2.638671875,0.03,3,1,12.98860628,5
2,200,2.638671875,0.06,3,1,12.98860481,5
2,200,2.8,0.067,3,1,12.9307134,5
2,80,2.8,0,3,1,13.08522044,5
2,1000,2.8,0.067,3,1,13.02794828,5
2,125,2.4,0.033,3,1,13.34442125,5
2,400,2.4,0.059,4,1,13.82106542,5
2,80,2.8,0.001,3,1,13.08522043,5
2,400,2.638671875,0.06,3,1,12.9886047,5
2,125,2.8,0.067,3,1,13.45271581,5
2,64,2.4,0.042,4,1,13.63575111,5
2,100,2.8,0.067,3,1,12.93071472,5
2,400,2.4,0.067,4,1,13.8210716,5
2,250,2.4,0.067,3,1,12.93025033,5
2,80,2.8,0.042,3,1,13.08522054,5
2,400,2.4,0.059,4,1,13.82107182,5
2,800,2.4,0.067,4,1,13.82106559,4
2,1000,2.4,0.067,3,1,12.87244576,4
2,64,2.4,0.05,4,1,13.71300869,4
2,200,2.8,0.067,3,1,13.25995766,4
2,320,2.4,0.067,3,1,12.87244593,4
2,400,2.4,0.05,4,1,13.82107174,4
2,250,2.4,0.05,4,1,13.82106529,4
2,400,2.4,0.067,4,1,13.82107148,4
2,50,2.638671875,0.019,3,1,12.98860616,4
2,64,2.4,0,4,1,13.63575538,4
2,80,2.4,0.025,4,1,13.63575536,4
2,64,2.4,0.033,4,1,13.63575534,4
2,640,2.8,0.067,3,1,13.02794774,4
2,250,2.8,0.067,3,1,13.02794783,4
2,80,2.8,0.003,3,1,12.89815368,4
2,320,2.8,0.067,3,1,12.93071524,4
2,80,2.8,0.006,3,1,12.89815363,4
2,640,2.8,0.067,3,1,12.93071502,4
2,1000,2.8,0.067,3,1,13.45271578,4
2,80,2.8,0.004,3,1,13.08522047,4
2,320,2.8,0.067,3,1,13.61275321,4
2,80,2.8,0,3,1,13.08522048,4
2,80,2.8,0.001,3,1,13.08522048,4
2,64,2.4,0,4,1,13.635751,4
2,1000,2.4,0.067,3,1,12.90773656,4
2,64,2.4,0.001,4,1,13.63575096,4
2,64,2.8,0.001,3,1,13.10181741,4
2,80,2.8,0,3,1,13.08522053,4
2,250,2.8,0.067,3,1,12.98013349,4
2,1000,2.8,0.067,3,1,12.97776308,4
2,200,2.4,0.05,4,1,13.63575088,4
2,400,2.4,0.059,4,1,13.47555925,4
2,800,2,0.1,3,1,13.70527621,4
2,125,2.8,0.067,3,1,12.89815296,4
2,125,2.8,0.059,3,1,12.89815293,4
2,400,2.6,0.033,3,1,13.62466022,4
2,50,2.4,0.003,4,1,13.49542501,4
2,250,2.4,0.05,4,1,13.53230881,4
2,189,2.8,0.067,3,1,12.78259997,4
2,400,2.6,0.033,3,1,13.62466012,4
2,800,2.4,0.067,4,1,13.60424899,4
2,100,2.4,0.05,4,1,13.60424878,4
2,100,2.4,0.033,4,1,13.39522076,4
2,500,2,0.058,3,1,13.69572996,4
2,640,2,0.067,3,1,13.70527617,4
2,100,2.8,0.067,3,1,12.93071416,4
2,400,2.8,0.067,3,1,13.02950183,4
2,200,2.8,0.067,3,1,13.08761508,4
2,80,2.8,0.05,3,1,12.93071438,4
2,160,2.8,0.067,3,1,12.98010774,3
2,160,2.8,0.067,3,1,12.98013448,3
2,1000,2.8,0.067,3,1,12.98952444,3
2,1000,2.8,0.067,3,1,12.9895246,3
2,800,2.8,0.067,3,1,12.980135,3
2,800,2.8,0.067,3,1,12.98952447,3
2,200,2.4,0.067,3,1,12.93960906,3
2,1000,2.4,0.067,3,1,12.87244585,3
2,80,2.8,0.001,3,1,12.89815301,3
2,80,2.4,0.042,4,1,13.63575544,3
2,160,2.4,0.067,3,1,12.90773643,3
2,80,2.8,0.05,3,1,12.89815291,3
2,80,2.4,0.025,4,1,13.63575115,3
2,200,2.4,0.067,3,1,12.90773645,3
2,100,2.8,0.067,3,1,12.89815398,3
2,80,2.8,0.007,3,1,12.89815303,3
2,80,2.8,0.001,3,1,12.89815344,3
2,80,2.8,0.001,3,1,12.89815341,3
2,100,2.8,0.008,3,1,12.89815355,3
2,100,2.8,0.008,3,1,12.89815358,3
2,80,2.8,0.017,3,1,12.89815388,3
2,100,2.4,0.067,3,1,12.9147308,3
2,100,2.4,0.067,3,1,12.91473087,3
2,640,2.8,0.067,3,1,12.97776275,3
2,1000,2.8,0.067,3,1,12.9777627,3
2,1000,2.8,0.067,3,1,12.97776281,3
2,1000,2.8,0.1,3,1,12.8404977,3
2,64,2.4,0.003,4,1,13.63575092,3
2,1000,2.4,0.067,3,1,12.87244596,3
2,320,2.4,0.067,3,1,12.93025073,3
2,200,2.8,0.067,3,1,12.94071036,3
2,64,2.4,0.001,4,1,13.63575098,3
2,250,2.8,0.067,3,1,12.98952494,3
2,400,2.4,0.05,4,1,13.47555933,3
2,250,2.4,0.05,4,1,13.47555987,3
2,64,2.4,0.008,4,1,13.82885742,3
2,250,2.4,0.05,4,1,13.82885729,3
2,400,2.4,0.067,4,1,13.82106594,3
2,384,2,0.017,3,1,13.75760253,3
2,800,2.4,0.067,4,1,13.82106576,3
2,1600,2.4,0.05,3,1,13.34442129,3
2,250,2.4,0.05,4,1,13.88237713,3
2,125,2.4,0.016,4,1,13.87337867,3
2,800,2.4,0.067,4,1,13.643959,3
2,320,2.4,0.05,4,1,13.64058997,3
2,80,2.6,0.015,3,1,13.62466044,3
2,50,2.4,0.001,4,1,13.61959454,3
2,800,2.4,0.067,4,1,13.60425017,3
2,64,2.4,0.007,4,1,13.49542891,3
2,800,2.4,0.067,4,1,13.50836449,3
2,400,2.4,0.05,4,1,13.50836471,3
2,800,2.4,0.067,4,1,13.60425,3
2,400,2.4,0.067,4,1,13.60424996,3
2,400,2.4,0.05,4,1,13.50836477,3
2,80,2.6,0.001,3,1,13.74396189,3
2,80,2.6,0.001,3,1,13.74396183,3
2,80,2.6,0.002,3,1,13.74396172,3
2,100,8,0.002,18,2,13.01490904,3
2,64,2.8,0.007,3,1,12.96006134,3
2,125,2.4,0.05,4,1,13.49709974,3
2,160,2.4,0.05,4,1,13.49709973,3
2,800,2.4,0.067,4,1,13.51091495,3
2,160,2.4,0.05,4,1,13.49709971,3
2,125,2.4,0.05,4,1,13.49709972,3
2,160,2.8,0.067,3,1,13.25995768,3
2,125,2.8,0.067,3,1,13.2599577,3
2,125,2.8,0.067,3,1,13.45271576,3
2,250,2.8,0.067,3,1,13.45271578,3
2,100,2.8,0.067,3,1,12.93071427,3
2,100,2.8,0.067,3,1,12.93071448,3
2,125,2.8,0.067,3,1,12.93071459,3
2,800,2.8,0.067,3,1,13.65950053,3
2,80,2.8,0.059,3,1,13.57222092,3
2,125,2.8,0.067,3,1,13.4527158,3
2,80,2.8,0.005,3,1,13.08522042,3
2,80,2.8,0.005,3,1,13.0852204,3
2,400,2.8,0.067,3,1,13.56274242,3
2,400,2.8,0.067,3,1,13.54456463,3
2,80,2.8,0.003,3,1,13.08522046,3
2,80,2.6,0.001,3,1,13.74396186,2
2,80,2.6,0.001,3,1,13.74396179,2
2,80,2.6,0.005,3,1,13.74395748,2
2,80,2.6,0.001,3,1,13.74396176,2
2,80,2.6,0.005,3,1,13.74396208,2
2,64,2.8,0.005,3,1,12.96006153,2
2,64,2.8,0.006,3,1,12.96006144,2
2,100,2.8,0.017,3,1,12.96006109,2
2,160,2.638671875,0.038,3,1,12.98860448,2
2,100,2.8,0.017,3,1,12.96006098,2
2,500,2.8,0.067,3,1,12.98013433,2
2,50,2.4,0.006,4,1,13.7540339,2
2,250,5.9,0.004,70,2,13.29231466,2
2,640,5.9,0.004,70,2,13.29231494,2
2,1000,2.8,0.067,3,1,12.98013506,2
2,1000,2.4,0.067,3,1,12.87244587,2
2,100,2.8,0.017,3,1,12.98013375,2
2,2000,2.4,0.125,4,1,13.69453316,2
2,125,2.8,0.067,3,1,12.9837903,2
2,800,2,0.067,3,1,13.70527617,2
2,1000,2,0.075,3,1,13.7052762,2
2,80,2.8,0.059,3,1,12.93071149,2
2,1000,2,0.067,3,1,13.70527622,2
2,200,2.4,0.05,4,1,13.7130086,2
2,640,2,0.067,3,1,13.70527623,2
2,800,2.8,0.067,3,1,13.61275322,2
2,160,2.8,0.059,3,1,13.59988356,2
2,125,2.8,0.067,3,1,13.61700579,2
2,500,2.8,0.067,3,1,13.44094142,2
2,80,2.8,0.002,3,1,13.0257302,2
2,250,2.8,0.067,3,1,13.45271574,2
2,125,2.8,0.067,3,1,13.59386713,2
2,1000,2.8,0.067,3,1,12.98013484,2
2,1000,2.8,0.067,3,1,12.98013497,2
2,200,2.8,0.059,3,1,13.56274242,2
2,1000,2.8,0.067,3,1,12.98013487,2
2,250,2.8,0.067,3,1,13.65950042,2
2,800,2.8,0.067,3,1,13.65950043,2
2,1000,2.8,0.067,3,1,13.6672031,2
2,1000,2.8,0.067,3,1,13.21972048,2
2,1000,2.8,0.067,3,1,13.65950058,2
2,640,2.8,0.067,3,1,13.65950055,2
2,1000,2.8,0.067,3,1,13.65950053,2
2,125,2.8,0.067,3,1,13.45271582,2
2,250,2.4,0.05,4,1,13.82106564,2
2,80,2.8,0.003,3,1,13.08522054,2
2,200,2.8,0.067,3,1,13.46598633,2
2,80,2.8,0.001,3,1,13.08522055,2
2,800,2.4,0.067,4,1,13.8210661,2
2,200,2.8,0.067,3,1,13.2421699,2
2,100,2.4,0.016,4,1,13.87337884,2
2,320,2.4,0.025,4,1,13.87337922,2
2,400,2.4,0.059,4,1,13.88237735,2
2,400,2.4,0.059,4,1,13.88237779,2
2,400,2.4,0.059,4,1,13.88237769,2
2,320,2.4,0.05,4,1,13.88237747,2
2,400,2.4,0.059,4,1,13.88237653,2
2,50,2.2,0.017,4,1,13.87679839,2
2,50,2.2,0.033,4,1,13.87679873,2
2,125,2.4,0.05,4,1,13.88237788,2
2,125,2.4,0.05,4,1,13.88237799,2
2,250,2.8,0.067,3,1,13.40029057,2
2,125,2.8,0.008,3,1,12.98013355,2
2,125,2.8,0.067,3,1,13.25995769,2
2,125,2.8,0.067,3,1,13.2599577,2
2,640,2,0.067,3,1,13.69572996,2
2,100,2.8,0.017,3,1,12.93071481,2
2,80,2.8,0.006,3,1,13.02572912,2
2,1000,2.8,0.067,3,1,12.98013503,2
2,80,2.8,0.004,3,1,13.02572884,2
2,400,2.8,0.067,3,1,13.41239192,2
2,800,2.8,0.067,3,1,13.41239194,2
2,200,2.8,0.067,3,1,13.03825144,2
2,160,2.4,0.059,3,1,12.91473078,2
2,80,2.8,0.002,3,1,12.98010833,2
2,1000,2.4,0.067,3,1,12.91637047,2
2,125,2.4,0.067,3,1,12.91473085,2
2,640,2.4,0.059,3,1,12.91637043,2
2,400,2.4,0.067,3,1,12.90773671,2
2,1000,2.8,0.1,3,1,12.90862131,2
2,64,2.4,0.017,4,1,13.63575109,2
2,1000,2.8,0.1,3,1,12.90862131,2
2,80,2.4,0.025,4,1,13.63575107,2
2,80,2.4,0.017,4,1,13.63575112,2
2,100,2.8,0.067,3,1,13.014892,2
2,160,2.4,0.067,3,1,12.91637057,2
2,64,2.4,0.002,4,1,13.63575083,2
2,64,2.4,0,4,1,13.63575102,2
2,64,2.4,0.003,4,1,13.63575104,2
2,1000,2.8,0.067,3,1,12.97776279,2
2,400,2.8,0.067,3,1,12.97776267,2
2,800,2.4,0.067,3,1,12.95696887,2
2,80,2.4,0.05,4,1,13.60425013,2
2,500,2.4,0.067,3,1,12.95696868,2
2,400,2.638671875,0.119,3,1,12.93717425,2
2,250,2.4,0.067,3,1,12.91637088,2
2,320,2.4,0.067,3,1,12.91637085,2
2,500,2.4,0.067,3,1,12.91637094,2
2,500,2.4,0.067,3,1,12.91637097,2
2,250,2.4,0.067,3,1,12.91637073,2
2,250,2.4,0.067,3,1,12.91637069,2
2,320,2.4,0.067,3,1,12.91637071,2
2,640,2.4,0.067,3,1,12.916371,2
2,800,2.8,0.067,3,1,12.97776302,2
2,64,2.4,0.05,4,1,13.6439595,2
2,400,2.8,0.067,3,1,12.977763,2
2,1000,2.4,0.067,3,1,12.93025058,2
2,250,2.4,0.067,3,1,12.93025043,2
2,500,2.4,0.067,3,1,12.93025053,2
2,1000,2.4,0.067,3,1,12.93025056,2
2,50,2.4,0.003,4,1,13.49542502,2
2,100,2.8,0.017,3,1,12.89815383,2
2,80,2.8,0.03,3,1,12.89815385,2
2,1000,2.8,0.067,3,1,12.89815377,2
2,80,2.8,0.033,3,1,12.89815395,2
2,400,2.8,0.067,3,1,12.89815375,2
2,125,2.4,0.05,4,1,13.50836465,2
2,80,2.8,0.001,3,1,12.89815334,2
2,80,2.8,0.001,3,1,12.89815349,2
2,800,2.4,0.067,4,1,13.50836455,2
2,80,2.8,0.006,3,1,12.89815365,2
2,400,2.8,0.067,3,1,13.02794789,2
2,100,2.4,0.05,4,1,13.63575126,2
2,80,2.4,0.017,4,1,13.63575124,2
2,80,2.4,0.042,3,1,12.90773638,2
2,1000,2.4,0.067,3,1,12.88185486,2
2,400,2.8,0.067,3,1,13.02794785,2
2,1000,2.8,0.067,3,1,13.02794781,2
2,400,2.4,0.067,3,1,12.88185488,2
2,64,2.4,0.042,4,1,13.63575122,2
2,1000,2.8,0.067,3,1,12.98952471,2
2,640,2.4,0.067,3,1,12.90773647,2
2,400,2.8,0.067,3,1,13.02950203,2
2,80,2.4,0.008,4,1,13.63575542,2
2,320,2.4,0.05,4,1,13.6357554,2
2,80,2.8,0.008,3,1,12.98013401,1
2,800,2.4,0.067,4,1,13.60425004,1
2,320,2.4,0.05,4,1,13.6042488,1
2,200,2.4,0.05,4,1,13.60424876,1
2,160,2.4,0.05,4,1,13.60424846,1
2,200,2.4,0.05,4,1,13.60423401,1
2,200,2.8,0.067,3,1,13.47285595,1
2,160,2.8,0.067,3,1,13.44094139,1
2,125,2.8,0.067,3,1,13.42942048,1
2,320,2.8,0.067,3,1,13.46598643,1
2,500,2.8,0.067,3,1,13.44094141,1
2,400,2.8,0.067,3,1,13.44671101,1
2,400,2.8,0.067,3,1,13.44671099,1
2,400,2.8,0.067,3,1,13.44671097,1
2,80,2.8,0.008,3,1,12.98013407,1
2,320,2.8,0.067,3,1,13.44671098,1
2,200,2.4,0.05,4,1,13.53230884,1
2,320,2.4,0.05,4,1,13.53230887,1
2,500,2.6,0.033,3,1,13.62466039,1
2,200,2.8,0.067,3,1,12.98013364,1
2,250,2.8,0.067,3,1,12.98013368,1
2,80,2.8,0.067,3,1,12.98013371,1
2,125,2.8,0.067,3,1,12.98013419,1
2,80,2.8,0.02,3,1,12.98013416,1
2,80,2.8,0.007,3,1,12.98013412,1
2,100,2.8,0.008,3,1,12.9801341,1
2,100,2.8,0.025,3,1,12.98013389,1
2,80,2.8,0.05,3,1,12.98013383,1
2,200,2.8,0.067,3,1,12.98013386,1
2,125,2.8,0.008,3,1,12.98013381,1
2,80,2.8,0.025,3,1,12.98013377,1
2,80,2.8,0.067,3,1,12.98013422,1
2,80,2.8,0.017,3,1,12.98013394,1
2,100,2.8,0.008,3,1,12.98013392,1
2,400,2.6,0.033,3,1,13.6246603,1
2,1000,2.8,0.067,3,1,12.98952479,1
2,400,2.4,0.059,4,1,13.6439592,1
2,125,2.8,0.008,3,1,12.98013352,1
2,400,2.8,0.067,3,1,12.98013436,1
2,100,2.8,0.008,3,1,12.98013398,1
2,1000,2.8,0.067,3,1,13.40029058,1
2,500,2.8,0.067,3,1,13.40029061,1
2,1000,2.8,0.067,3,1,13.40029066,1
2,400,2.4,0.067,4,1,13.7515092,1
2,400,2.8,0.067,3,1,12.98013428,1
2,100,2.8,0.008,3,1,12.98013425,1
2,250,2.4,0.05,4,1,13.47555993,1
2,80,2.6,0.001,3,1,13.74396169,1
2,125,2.4,0.05,4,1,13.49709963,1
2,250,2.8,0.067,3,1,12.9801343,1
2,100,4.5,0.001,16,2,13.29231483,1
2,125,5,0.006,22,2,13.29231478,1
2,125,2.8,0.067,3,1,12.98013361,1
2,320,5.9,0.004,70,2,13.29231475,1
2,200,4,0.006,5,2,13.29231511,1
2,320,2.8,0.067,3,1,13.31397358,1
2,160,2.8,0.067,3,1,13.38385411,1
2,1000,2.8,0.067,3,1,13.38385419,1
2,500,2.8,0.067,3,1,12.98013439,1
2,640,2.8,0.067,3,1,13.65950048,1
2,1000,2.8,0.067,3,1,13.10651562,1
2,400,2.8,0.067,3,1,13.10651558,1
2,250,2.8,0.067,3,1,13.10651563,1
2,1000,2.8,0.067,3,1,13.10651565,1
2,640,2.8,0.067,3,1,13.10651569,1
2,1000,2.8,0.067,3,1,13.10651568,1
2,80,2.8,0.025,3,1,13.09237231,1
2,80,2.8,0.033,3,1,13.09237231,1
2,1000,2.8,0.067,3,1,13.10651571,1
2,800,2.8,0.067,3,1,13.10651573,1
2,320,2,0.05,3,1,13.72674233,1
2,320,2,0.05,3,1,13.72674237,1
2,800,2,0.1,3,1,13.70527625,1
2,1250,2,0.125,3,1,13.70527624,1
2,1000,2.8,0.067,3,1,13.13309861,1
2,1000,2,0.092,3,1,13.70527623,1
2,250,2.8,0.067,3,1,12.93071171,1
2,1000,2.8,0.067,3,1,13.10651578,1
2,800,2.8,0.067,3,1,13.10651575,1
2,50,2.4,0.008,2,1,13.84962626,1
2,1000,2.8,0.067,3,1,13.13309857,1
2,800,2.4,0.067,2,1,13.8496263,1
2,125,2.8,0.067,3,1,13.08666057,1
2,640,2.8,0.067,3,1,13.02950199,1
2,400,2.8,0.067,3,1,13.02950197,1
2,200,2.8,0.067,3,1,13.02950195,1
2,500,2.8,0.067,3,1,13.02950201,1
2,125,2.8,0.067,3,1,12.89815288,1
2,100,2.8,0.067,3,1,12.8981527,1
2,100,2.8,0.067,3,1,12.89815275,1
2,80,2.8,0.001,3,1,12.89815311,1
2,80,2.8,0.001,3,1,12.89815319,1
2,1000,2.8,0.067,3,1,13.02794823,1
2,400,2.8,0.059,3,1,13.02794818,1
2,320,2.8,0.059,3,1,13.02794815,1
2,250,2.8,0.067,3,1,13.02794825,1
2,80,2.8,0.004,3,1,12.89815338,1
2,80,2.8,0.001,3,1,12.89815322,1
2,80,2.8,0.001,3,1,12.89815327,1
2,400,2.4,0.059,3,1,12.88185497,1
2,320,2.4,0.067,3,1,12.88185495,1
2,200,2.8,0.067,3,1,12.98379037,1
2,160,2.8,0.067,3,1,13.03825169,1
2,160,2.8,0.067,3,1,12.98379039,1
2,500,2.8,0.067,3,1,13.05952168,1
2,400,2.8,0.067,3,1,13.0595217,1
2,400,2.8,0.067,3,1,13.08666043,1
2,400,2.8,0.067,3,1,13.05952172,1
2,250,2.4,0.05,4,1,13.41282899,1
2,160,2.8,0.067,3,1,13.03825148,1
2,1000,2.4,0.067,3,1,12.8818549,1
2,1000,2.4,0.067,3,1,12.88185493,1
2,1000,2.4,0.067,3,1,12.88185484,1
2,1000,2.4,0.067,3,1,12.88185478,1
2,400,2.8,0.067,3,1,13.02950204,1
2,1000,2.4,0.067,3,1,12.88185476,1
2,640,2.8,0.067,3,1,13.13309863,1
2,1000,2.8,0.067,3,1,13.13309862,1
2,500,2,0.05,3,1,13.7052762,1
2,250,2.8,0.067,3,1,13.13309864,1
2,1000,2.8,0.067,3,1,12.98013509,1
2,80,2.8,0.005,3,1,12.8981536,1
2,1000,2.8,0.067,3,1,13.02794809,1
2,640,2.8,0.067,3,1,12.97776287,1
2,400,2.8,0.067,3,1,12.9777629,1
2,250,2.8,0.067,3,1,12.97776293,1
2,640,2.8,0.067,3,1,12.97776283,1
2,640,2.8,0.067,3,1,13.0019304,1
2,800,2.8,0.067,3,1,12.97776272,1
2,1000,2.8,0.059,3,1,13.00193045,1
2,320,2.8,0.067,3,1,13.00193037,1
2,250,2.8,0.067,3,1,12.98010753,1
2,80,2.8,0.002,3,1,12.9801083,1
2,250,2.8,0.067,3,1,12.98010757,1
2,250,2.8,0.067,3,1,12.98010759,1
2,160,2.8,0.067,3,1,13.00625342,1
2,1000,2.8,0.067,3,1,12.97776264,1
2,160,2.8,0.067,3,1,13.00625345,1
2,64,2.4,0,4,1,13.63575086,1
2,320,2.4,0.067,3,1,12.95696863,1
2,160,2.8,0.067,3,1,13.00625347,1
2,400,2.8,0.067,3,1,13.00625349,1
2,320,2.4,0.067,3,1,12.95696819,1
2,500,2.8,0.067,3,1,13.00625352,1
2,500,2.4,0.067,3,1,12.95696873,1
2,640,2.4,0.067,3,1,12.95696885,1
2,640,2.4,0.059,3,1,12.9654777,1
2,320,2.4,0.067,3,1,12.96547788,1
2,800,2.4,0.059,3,1,12.96547768,1
2,80,2.4,0.029,3,1,12.96547766,1
2,400,2.4,0.067,3,1,12.96547761,1
2,800,2.4,0.067,3,1,12.96547763,1
2,80,2.8,0.002,3,1,12.98011089,1
2,250,2.8,0.067,3,1,12.98952453,1
2,320,2.8,0.067,3,1,12.98952502,1
2,1000,2.8,0.067,3,1,12.98952498,1
2,640,2.8,0.059,3,1,12.98952468,1
2,125,2.4,0.05,4,1,13.63575116,1
2,1000,2.8,0.1,3,1,12.90862129,1
2,800,2.8,0.1,3,1,12.90862129,1
2,1000,2.8,0.1,3,1,12.90862129,1
2,1000,2.4,0.067,3,1,12.90773686,1
2,1000,2.4,0.067,3,1,12.9077368,1
2,1000,2.4,0.067,3,1,12.90773682,1
2,1000,2.8,0.1,3,1,12.90862129,1
2,200,2.8,0.067,3,1,13.01489199,1
2,95,2.8,0.017,3,1,12.91212644,1
2,200,2.4,0.067,3,1,12.91473063,1
2,125,2.4,0.067,3,1,12.91473066,1
2,1000,2.8,0.1,3,1,12.90862131,1
2,160,2.4,0.05,4,1,13.63575105,1
2,1000,2.8,0.1,3,1,12.90862131,1
2,1000,2.8,0.1,3,1,12.90862131,1
2,320,2.4,0.067,3,1,12.90773674,1
2,1000,2.4,0.067,3,1,12.90773669,1
2,80,2.8,0.05,3,1,12.89815565,1
2,160,2.8,0.067,3,1,12.89815403,1
2,400,2.8,0.067,3,1,12.89815401,1
2,80,2.8,0.05,3,1,12.89815373,1
2,250,2.8,0.067,3,1,12.8981538,1
2,80,2.8,0.067,3,1,12.8981557,1
2,125,2.4,0.067,3,1,12.90773641,1
2,1000,2.4,0.067,3,1,12.90773658,1
2,100,2.8,0.067,3,1,13.01489203,1
2,400,2.4,0.067,3,1,12.9077365,1
2,800,2.8,0.067,3,1,13.02794777,1
2,125,2.8,0.067,3,1,13.01489204,1
2,160,2.4,0.067,3,1,12.91473068,1
2,200,2.4,0.067,3,1,12.9147307,1
2,1000,2.4,0.067,3,1,12.93025068,1
2,1000,2.4,0.067,3,1,12.9302507,1
2,125,2.8,0.067,3,1,13.01489185,1
2,400,2.4,0.067,3,1,12.93025065,1
2,1000,2.4,0.067,3,1,12.93025061,1
2,250,2.4,0.067,3,1,12.9302504,1
2,500,2.4,0.067,3,1,12.93025075,1
2,1000,2.4,0.067,3,1,12.93025079,1
2,320,2.4,0.067,3,1,12.93960917,1
2,1000,2.4,0.067,3,1,12.9396092,1
2,200,2.8,0.067,3,1,13.00625371,1
2,500,2.4,0.067,3,1,12.93960914,1
2,250,2.4,0.067,3,1,12.93960909,1
2,400,2.638671875,0.119,3,1,12.93682834,1
2,250,2.4,0.067,3,1,12.93025036,1
2,160,2.8,0.067,3,1,13.01489188,1
2,400,2.4,0.059,3,1,12.91637046,1
2,320,2.4,0.067,3,1,12.91637051,1
2,200,2.8,0.067,3,1,13.01489192,1
2,100,2.4,0.067,3,1,12.91473082,1
2,320,2.4,0.067,3,1,12.91473075,1
2,250,2.8,0.067,3,1,13.01489194,1
2,500,2.4,0.067,3,1,12.91637053,1
2,500,2.4,0.067,3,1,12.91637055,1
2,400,2.4,0.067,3,1,12.91637091,1
2,250,2.8,0.067,3,1,13.0148919,1
2,1000,2.4,0.067,3,1,12.91637066,1
2,1000,2.4,0.067,3,1,12.91637064,1
2,1000,2.4,0.067,3,1,12.91637059,1
2,320,2.4,0.067,3,1,12.91637062,1
2,200,2,0.033,3,1,13.69217998,1
2,125,2.8,0.067,3,1,13.02572928,1
2,80,2.8,0.042,3,1,13.02572943,1
2,400,2.8,0.067,3,1,13.66720312,1
2,320,2.8,0.067,3,1,13.6672031,1
2,1000,2.8,0.067,3,1,13.65950057,1
2,500,2.8,0.067,3,1,13.65950056,1
2,1000,2.8,0.067,3,1,13.66720312,1
2,1000,2.8,0.067,3,1,13.66720312,1
2,200,2,0.033,3,1,13.69218001,1
2,125,2,0.033,3,1,13.69218,1
2,800,2.8,0.067,3,1,13.65950054,1
2,1000,2.8,0.067,3,1,13.65950049,1
2,1000,2.8,0.067,3,1,12.98013481,1
2,1000,2.8,0.059,3,1,13.5056558,1
2,400,2.8,0.067,3,1,13.21972052,1
2,320,2.8,0.067,3,1,13.21972055,1
2,500,2.8,0.067,3,1,13.21972056,1
2,1000,2.8,0.067,3,1,12.98013477,1
2,115,2,0.033,3,1,13.85179089,1
2,160,2.8,0.067,3,1,13.62928426,1
2,80,2.8,0.067,3,1,13.62928425,1
2,80,2.8,0.067,3,1,13.62928426,1
2,320,2.8,0.067,3,1,13.65950045,1
2,1000,2.8,0.067,3,1,13.65950047,1
2,500,2.8,0.067,3,1,13.65950046,1
2,250,2.8,0.067,3,1,13.65950045,1
2,1000,2.8,0.067,3,1,13.61275324,1
2,200,2.8,0.067,3,1,13.61275323,1
2,1000,2.8,0.067,3,1,12.9801349,1
2,200,2.4,0.05,4,1,13.56151984,1
2,640,2.8,0.067,3,1,13.61275321,1
2,1000,2.8,0.067,3,1,13.59988357,1
2,250,2.8,0.067,3,1,13.57222095,1
2,1000,2.8,0.067,3,1,12.98013493,1
2,32,2.2,0.025,4,1,13.87679846,1
2,320,2.4,0.02,4,1,13.87337872,1
2,640,2.8,0.067,3,1,13.21366834,1
2,640,2.4,0.067,4,1,13.88237756,1
2,250,2.8,0.067,3,1,13.21366832,1
2,1000,2.8,0.067,3,1,13.21366829,1
2,320,2.4,0.05,4,1,13.88237666,1
2,320,2.4,0.05,4,1,13.88237677,1
2,500,2.4,0.067,4,1,13.88237639,1
2,40,2.2,0.033,4,1,13.8767986,1
2,50,2.2,0.033,4,1,13.87679866,1
2,40,2.2,0.025,4,1,13.87679855,1
